date,temp_mean,temp_min,temp_max,umidity_mean,rain,pressure,wind_speed
2022-01-01,19.325,18.3,22.3,91.33333333333333,25.8,883.6416666666668,3.1208333333333336
2022-01-02,19.974999999999998,18.1,25.1,88.25,3.8000000000000003,884.7375000000001,3.016666666666667
2022-01-03,21.166666666666668,18.4,27.1,82.75,12.200000000000001,884.8208333333333,2.2875
2022-01-04,20.916666666666668,18.2,24.0,84.41666666666667,3.2,883.65,2.629166666666667
2022-01-05,22.141666666666666,17.5,27.8,76.20833333333333,0.0,883.4250000000001,2.6666666666666665
2022-01-06,21.1875,18.7,25.1,83.29166666666667,3.6,883.4541666666668,3.0041666666666664
2022-01-07,19.766666666666666,19.1,21.5,91.33333333333333,16.8,883.6875,2.8541666666666665
2022-01-08,19.770833333333332,18.8,23.5,91.5,17.2,883.65,2.725
2022-01-09,19.333333333333332,18.4,21.2,92.45833333333333,11.6,884.1083333333332,3.8625000000000003
2022-01-10,19.75,18.6,21.9,89.875,3.8,884.2291666666666,3.0
2022-01-11,19.116666666666667,17.3,22.0,91.5,20.599999999999998,884.4666666666667,2.9791666666666665
2022-01-12,19.533333333333335,17.9,23.2,88.16666666666667,3.8,886.1666666666666,2.625
2022-01-13,20.454166666666666,17.0,24.9,82.08333333333333,0.2,888.5291666666667,2.279166666666667
2022-01-14,22.5,16.5,29.0,73.5,0.0,889.9208333333332,2.216666666666667
2022-01-15,22.825,15.8,28.2,54.958333333333336,0.0,889.6916666666666,2.8000000000000003
2022-01-16,22.86666666666667,15.9,27.6,56.833333333333336,0.0,888.0041666666666,2.0749999999999997
2022-01-17,23.133333333333336,19.0,28.2,64.375,0.0,887.3000000000001,2.2333333333333334
2022-01-18,23.320833333333336,16.9,29.3,63.125,0.0,887.7208333333333,2.1999999999999997
2022-01-19,22.995833333333334,17.6,28.7,67.04166666666667,2.0,888.875,1.8625
2022-01-20,23.6375,16.8,29.2,56.583333333333336,0.0,888.2708333333334,1.9708333333333332
2022-01-21,22.079166666666666,16.9,26.6,65.45833333333333,5.0,886.9,1.7041666666666666
2022-01-22,22.333333333333332,16.5,29.0,72.58333333333333,0.0,886.3416666666667,1.6958333333333335
2022-01-23,24.295833333333334,17.2,29.1,60.416666666666664,0.0,885.8458333333333,2.3666666666666667
2022-01-24,24.583333333333332,18.2,30.1,59.958333333333336,0.0,885.4916666666667,2.058333333333333
2022-01-25,22.445833333333336,18.9,27.2,69.20833333333333,0.0,885.4416666666666,1.9791666666666667
2022-01-26,20.470833333333335,17.9,25.8,77.625,0.0,885.9125,1.8666666666666665
2022-01-27,20.516666666666666,16.9,25.6,79.16666666666667,1.2,885.4250000000001,2.091666666666667
2022-01-28,20.691666666666666,16.6,26.5,76.41666666666667,2.0,884.2375000000001,2.8000000000000003
2022-01-29,21.537499999999998,17.3,26.8,73.70833333333333,0.0,884.2166666666667,3.420833333333333
2022-01-30,21.679166666666664,18.3,27.1,75.04166666666667,0.0,885.3833333333333,3.3833333333333333
2022-01-31,20.775000000000002,17.8,24.6,79.16666666666667,0.8,886.025,2.6333333333333333
2022-02-01,21.645833333333332,17.4,27.2,72.95833333333333,0.0,886.225,2.8000000000000003
2022-02-02,21.979166666666668,18.7,27.4,77.95833333333333,0.0,887.0041666666666,1.5541666666666665
2022-02-03,21.229166666666668,16.7,28.1,78.625,49.0,887.2458333333334,1.8583333333333334
2022-02-04,21.3875,19.3,27.4,82.375,13.4,886.8708333333334,1.7625000000000002
2022-02-05,22.241666666666664,19.3,27.2,80.04166666666667,0.2,885.6208333333334,1.0875000000000001
2022-02-06,20.125,18.3,23.0,83.33333333333333,12.4,886.3625000000001,2.4291666666666667
2022-02-07,21.154166666666665,19.0,24.3,80.58333333333333,0.0,885.9166666666666,1.7375
2022-02-08,20.55,17.3,24.7,85.20833333333333,10.6,885.2083333333334,1.3708333333333333
2022-02-09,21.429166666666664,17.5,26.3,77.375,4.6000000000000005,884.1875,2.341666666666667
2022-02-10,20.358333333333334,17.9,24.0,81.5,0.6000000000000001,884.4625,3.4333333333333336
2022-02-11,21.066666666666666,18.3,26.7,78.33333333333333,6.0,884.5749999999999,2.341666666666667
2022-02-12,21.283333333333335,17.8,26.5,75.66666666666667,0.2,884.4666666666667,2.2291666666666665
2022-02-13,20.508333333333333,18.5,24.9,84.0,12.200000000000001,885.0375,2.3125
2022-02-14,21.604166666666668,18.4,27.7,76.5,0.0,885.3333333333334,2.2583333333333333
2022-02-15,20.8875,17.5,26.1,83.125,9.200000000000001,886.3375,1.6125
2022-02-16,21.241666666666667,18.2,25.9,82.41666666666667,12.2,886.8000000000001,1.7083333333333333
2022-02-17,19.675,17.6,23.2,87.91666666666667,58.800000000000004,886.4833333333332,1.75
2022-02-18,20.4875,17.2,25.9,81.66666666666667,0.2,883.8083333333334,2.2416666666666667
2022-02-19,19.433333333333334,18.0,23.7,88.70833333333333,6.2,884.2708333333334,2.2583333333333333
2022-02-20,19.670833333333334,16.6,24.2,82.20833333333333,12.0,886.8125,1.6291666666666667
2022-02-21,20.645833333333332,18.4,25.0,84.58333333333333,27.2,888.0083333333333,1.4375
2022-02-22,21.150000000000002,17.7,28.0,78.45833333333333,0.8,887.7291666666666,2.1958333333333333
2022-02-23,22.45,18.7,27.4,71.54166666666667,0.0,886.0708333333333,1.9541666666666666
2022-02-24,21.1375,16.8,26.4,79.79166666666667,0.0,886.9625,1.5791666666666666
2022-02-25,22.795833333333334,16.3,28.9,72.54166666666667,0.0,887.8625000000001,2.0541666666666667
2022-02-26,23.287499999999998,18.7,27.4,70.75,0.0,888.0333333333333,2.8958333333333335
2022-02-27,23.733333333333334,19.3,28.7,62.833333333333336,0.0,886.775,2.4208333333333334
2022-02-28,23.708333333333332,19.9,27.8,60.0,0.0,886.0916666666667,2.470833333333333
2022-03-01,23.441666666666666,18.8,28.3,62.125,0.0,886.3291666666668,2.2416666666666667
2022-03-02,21.099999999999998,16.0,26.3,73.41666666666667,52.2,887.0791666666668,2.558333333333333
2022-03-03,19.9375,16.9,25.4,79.29166666666667,0.2,887.2875,1.6541666666666668
2022-03-04,20.354166666666668,17.4,27.0,79.75,1.6,886.6291666666666,1.7999999999999998
2022-03-05,21.525000000000002,17.1,27.4,73.70833333333333,0.0,885.9375,1.95
2022-03-06,21.724999999999998,19.3,26.2,69.79166666666667,1.2,886.0958333333333,2.7583333333333333
2022-03-07,21.854166666666668,18.3,26.1,73.625,1.8,885.7041666666668,2.3291666666666666
2022-03-08,21.945833333333336,18.2,26.1,73.25,0.0,886.2666666666668,2.2375000000000003
2022-03-09,22.224999999999998,15.1,28.2,60.125,0.0,886.1374999999999,1.9958333333333333
2022-03-10,22.979166666666668,17.2,27.8,61.958333333333336,0.0,886.1458333333334,1.7416666666666665
2022-03-11,22.804166666666664,19.0,28.9,69.95833333333333,9.8,885.9958333333334,1.675
2022-03-12,21.183333333333334,18.4,25.4,81.66666666666667,15.0,886.0333333333333,1.8208333333333335
2022-03-13,21.141666666666666,18.7,26.1,83.04166666666667,0.4,886.9083333333333,1.5333333333333332
2022-03-14,21.233333333333334,19.6,24.2,82.79166666666667,2.8,885.5458333333332,1.3833333333333335
2022-03-15,20.833333333333332,18.5,25.9,83.875,27.599999999999998,885.6,1.2833333333333334
2022-03-16,22.004166666666666,18.6,27.5,79.0,2.0,885.7624999999999,1.8083333333333333
2022-03-17,22.608333333333334,19.3,27.8,71.25,0.0,887.1750000000001,2.254166666666667
2022-03-18,21.920833333333334,18.4,26.6,79.20833333333333,7.0,887.7708333333334,1.625
2022-03-19,22.349999999999998,17.5,28.1,70.875,0.0,886.8833333333333,1.7291666666666667
2022-03-20,22.8125,15.5,29.2,59.25,0.0,886.2375000000001,1.825
2022-03-21,21.979166666666668,15.6,27.7,65.91666666666667,0.0,886.2791666666667,2.3000000000000003
2022-03-22,21.96666666666667,17.9,26.5,69.0,0.0,887.1,3.233333333333333
2022-03-23,21.724999999999998,17.5,27.4,71.54166666666667,0.0,887.2875,2.9791666666666665
2022-03-24,22.416666666666668,18.6,26.9,70.33333333333333,0.0,886.8125,2.091666666666667
2022-03-25,22.370833333333334,16.7,28.9,71.20833333333333,0.0,886.3375,1.5416666666666667
2022-03-26,22.95,17.0,29.0,68.875,0.0,885.3291666666668,1.5083333333333335
2022-03-27,23.3625,18.1,29.4,65.79166666666667,0.0,886.0541666666667,1.6083333333333334
2022-03-28,23.537499999999998,17.3,27.9,64.54166666666667,0.0,887.1374999999999,2.15
2022-03-29,24.125,20.2,28.4,57.208333333333336,0.0,886.6583333333333,2.6166666666666667
2022-03-30,23.400000000000002,18.4,29.1,59.333333333333336,0.0,885.6750000000001,1.7916666666666667
2022-03-31,22.97083333333333,16.6,29.5,62.0,0.0,885.7875,1.8541666666666667
2022-04-01,22.495833333333334,16.5,29.0,60.333333333333336,0.0,887.3541666666666,1.6541666666666668
2022-04-02,23.129166666666666,16.8,28.5,56.208333333333336,0.0,888.2375000000001,2.6666666666666665
2022-04-03,23.133333333333336,18.6,27.9,55.791666666666664,0.0,887.525,2.7875
2022-04-04,23.233333333333334,19.1,27.9,53.916666666666664,0.0,887.3874999999999,2.4458333333333333
2022-04-05,23.245833333333334,17.1,28.7,51.708333333333336,0.0,887.3708333333334,2.2291666666666665
2022-04-06,22.670833333333334,16.2,29.4,62.208333333333336,0.0,886.7041666666668,1.7375
2022-04-07,23.65416666666667,17.2,29.7,60.708333333333336,0.0,886.1875,1.95
2022-04-08,22.058333333333334,18.5,27.4,73.91666666666667,1.0,887.2291666666666,1.6291666666666667
2022-04-09,23.3625,17.4,30.6,67.83333333333333,0.0,887.0500000000001,1.4000000000000001
2022-04-10,23.545833333333334,19.6,29.4,69.70833333333333,0.0,885.6083333333332,1.7249999999999999
2022-04-11,22.02916666666667,19.1,27.0,76.25,0.0,885.1208333333334,1.4875
2022-04-12,22.287499999999998,19.5,27.6,77.375,0.0,885.7083333333334,1.679166666666667
2022-04-13,21.099999999999998,18.2,27.8,82.45833333333333,20.8,885.3583333333332,1.1541666666666666
2022-04-14,22.495833333333334,18.1,28.3,75.45833333333333,0.2,884.6458333333334,1.5208333333333333
2022-04-15,22.204166666666666,18.7,27.2,73.875,0.0,884.8041666666667,1.8041666666666665
2022-04-16,22.054166666666664,17.4,27.3,65.375,0.0,885.85,1.9625000000000001
2022-04-17,21.433333333333334,17.8,26.0,67.20833333333333,0.0,886.6291666666666,2.120833333333333
2022-04-18,21.645833333333332,18.2,26.7,71.83333333333333,0.0,887.2083333333334,2.375
2022-04-19,21.6375,17.6,26.3,65.83333333333333,0.0,887.7791666666667,2.495833333333333
2022-04-20,21.816666666666666,17.2,27.4,57.166666666666664,0.0,887.7958333333332,2.15
2022-04-21,21.4375,14.4,27.5,56.041666666666664,0.0,887.125,1.9749999999999999
2022-04-22,22.354166666666668,15.5,27.7,55.291666666666664,0.0,885.5583333333334,1.7666666666666666
2022-04-23,21.170833333333334,15.5,28.9,67.79166666666667,1.4,886.4499999999999,1.4541666666666666
2022-04-24,21.741666666666664,16.5,27.7,70.41666666666667,0.0,888.0291666666667,1.9416666666666667
2022-04-25,23.695833333333336,19.6,28.1,57.291666666666664,0.0,888.2125,3.045833333333333
2022-04-26,22.525000000000002,18.4,26.9,61.5,0.0,888.1625,3.125
2022-04-27,22.229166666666668,18.7,27.1,62.25,0.0,887.4416666666666,3.0083333333333333
2022-04-28,21.7625,17.7,27.2,64.66666666666667,0.0,888.9541666666668,2.766666666666667
2022-04-29,22.1375,17.9,26.6,62.166666666666664,0.0,888.7958333333332,2.716666666666667
2022-04-30,21.7375,18.5,26.0,55.25,0.0,888.4916666666667,2.6916666666666664
2022-05-01,20.479166666666668,13.5,26.5,58.666666666666664,0.0,887.8291666666668,2.0083333333333333
2022-05-02,22.166666666666668,15.9,27.5,53.583333333333336,0.0,887.9291666666667,1.8708333333333333
2022-05-03,22.6875,16.2,28.1,55.958333333333336,0.0,887.5708333333333,1.9291666666666665
2022-05-04,21.8875,16.6,28.1,66.625,0.0,887.1583333333333,2.220833333333333
2022-05-05,21.90833333333333,18.8,26.6,75.16666666666667,0.0,887.8249999999999,1.55
2022-05-06,21.099999999999998,17.4,28.5,78.25,14.4,889.1958333333333,1.7
2022-05-07,22.041666666666668,18.1,27.5,74.29166666666667,0.2,889.4333333333334,1.9291666666666665
2022-05-08,22.3875,19.0,26.8,65.83333333333333,0.0,889.0458333333332,2.6125
2022-05-09,21.558333333333334,18.2,26.2,63.333333333333336,0.0,889.3000000000001,2.5375
2022-05-10,20.6125,15.3,25.5,60.541666666666664,0.0,888.4666666666667,2.4166666666666665
2022-05-11,19.516666666666666,13.4,26.1,63.375,0.0,887.8041666666667,1.2625
2022-05-12,20.441666666666666,15.3,26.5,67.16666666666667,0.0,887.4083333333333,1.3916666666666666
2022-05-13,21.72083333333333,15.8,26.9,62.416666666666664,0.0,887.9708333333333,1.6208333333333333
2022-05-14,21.9875,16.2,26.9,59.958333333333336,0.0,887.9708333333333,2.3833333333333333
2022-05-15,21.90416666666667,16.3,27.4,63.791666666666664,0.0,886.9958333333334,1.7208333333333332
2022-05-16,21.054166666666667,17.1,25.7,75.08333333333333,0.0,887.9208333333332,1.5250000000000001
2022-05-17,19.558333333333334,17.3,23.3,78.08333333333333,0.0,888.1791666666667,2.15
2022-05-18,13.604166666666666,9.2,18.3,57.291666666666664,0.0,887.9,3.1291666666666664
2022-05-19,11.308333333333332,5.5,19.1,55.791666666666664,0.0,886.8416666666667,2.4458333333333333
2022-05-20,13.233333333333334,5.3,22.4,56.958333333333336,0.0,889.0500000000001,1.8958333333333333
2022-05-21,16.433333333333334,9.4,25.9,47.666666666666664,0.0,890.4791666666666,2.2125
2022-05-22,16.691666666666666,7.7,25.8,55.875,0.0,890.5,2.0416666666666665
2022-05-23,18.791666666666668,11.6,26.2,61.5,0.0,889.8249999999999,1.7208333333333332
2022-05-24,20.045833333333334,15.7,25.1,56.708333333333336,0.0,890.4083333333333,2.6666666666666665
2022-05-25,18.404166666666665,13.9,23.2,59.75,0.0,891.7125,3.25
2022-05-26,18.508333333333333,14.1,24.8,63.083333333333336,0.0,891.7375000000001,2.7125
2022-05-27,19.212500000000002,14.9,24.6,64.41666666666667,0.0,890.6583333333333,2.6999999999999997
2022-05-28,19.154166666666665,11.7,24.5,57.083333333333336,0.0,889.1583333333333,2.2958333333333334
2022-05-29,18.954166666666666,10.2,27.1,50.291666666666664,0.0,887.75,1.7125000000000001
2022-05-30,19.908333333333335,12.3,27.6,50.166666666666664,0.0,887.1416666666668,1.3125
2022-05-31,20.025000000000002,12.8,27.9,48.5,0.0,886.9916666666667,1.7291666666666667
2022-06-01,20.416666666666668,12.6,27.8,48.916666666666664,0.0,886.8625000000001,2.058333333333333
2022-06-02,20.733333333333334,12.7,28.0,51.958333333333336,0.0,887.5500000000001,1.4291666666666665
2022-06-03,20.141666666666666,13.0,26.8,54.166666666666664,0.0,888.6583333333333,1.95
2022-06-04,19.466666666666665,12.9,26.2,58.25,0.0,888.6041666666666,2.1999999999999997
2022-06-05,19.529166666666665,16.2,23.8,66.25,0.0,889.4625,2.983333333333333
2022-06-06,19.025000000000002,13.7,24.9,60.0,0.0,888.5916666666667,2.308333333333333
2022-06-07,18.945833333333333,11.6,27.3,58.291666666666664,0.0,887.6666666666666,1.2750000000000001
2022-06-08,19.733333333333334,12.5,27.4,55.833333333333336,0.0,886.8874999999999,1.3499999999999999
2022-06-09,20.808333333333334,13.8,27.3,49.291666666666664,0.0,887.4416666666666,1.6166666666666665
2022-06-10,20.095833333333335,13.3,27.5,53.375,0.0,887.8333333333334,1.325
2022-06-11,19.291666666666668,14.7,23.8,71.16666666666667,0.0,888.0458333333332,2.2041666666666666
2022-06-12,19.349999999999998,15.1,26.1,72.125,0.0,888.4208333333332,1.5250000000000001
2022-06-13,19.025000000000002,14.4,25.5,68.83333333333333,0.0,889.25,1.8333333333333333
2022-06-14,20.2625,15.7,25.8,55.041666666666664,0.0,888.9583333333334,2.5
2022-06-15,20.1875,15.6,24.8,68.875,0.0,889.8833333333333,2.5166666666666666
2022-06-16,20.370833333333334,15.6,26.2,59.25,0.0,889.4458333333333,2.466666666666667
2022-06-17,19.0,11.2,27.2,54.541666666666664,0.0,887.6333333333333,1.429166666666667
2022-06-18,19.670833333333334,13.3,26.3,51.708333333333336,0.0,888.5958333333333,1.5166666666666666
2022-06-19,19.666666666666668,12.8,26.3,54.958333333333336,0.0,889.4083333333333,2.283333333333333
2022-06-20,19.833333333333332,14.4,25.4,53.583333333333336,0.0,889.9458333333333,2.6166666666666667
2022-06-21,19.804166666666667,14.7,25.4,57.708333333333336,0.0,889.6583333333333,3.0500000000000003
2022-06-22,19.525000000000002,13.8,25.7,56.166666666666664,0.0,889.0375,2.3958333333333335
2022-06-23,19.716666666666665,13.7,25.5,56.416666666666664,0.0,889.725,2.225
2022-06-24,19.995833333333334,13.7,25.4,54.166666666666664,0.0,889.9333333333334,2.1374999999999997
2022-06-25,19.566666666666666,11.4,25.3,50.666666666666664,0.0,889.725,2.433333333333333
2022-06-26,17.870833333333334,10.8,25.5,55.083333333333336,0.0,888.5791666666668,1.7833333333333332
2022-06-27,19.2625,13.7,24.7,55.75,0.0,889.1583333333333,2.6791666666666667
2022-06-28,18.345833333333335,12.2,24.5,57.416666666666664,0.0,889.6208333333334,2.3625
2022-06-29,17.820833333333333,10.7,24.7,60.0,0.0,889.9250000000001,1.3958333333333333
2022-06-30,18.683333333333334,11.6,25.4,53.875,0.0,888.8125,1.3541666666666667
2022-07-01,19.233333333333334,11.6,26.4,49.541666666666664,0.0,888.9833333333332,2.245833333333333
2022-07-02,19.579166666666666,13.4,26.2,53.291666666666664,0.0,890.6833333333334,2.575
2022-07-03,19.108333333333334,14.3,24.9,58.625,0.0,892.4333333333334,3.0083333333333333
2022-07-04,18.091666666666665,13.5,23.6,54.291666666666664,0.0,891.6291666666666,3.654166666666667
2022-07-05,18.395833333333332,13.5,23.8,53.541666666666664,0.0,890.3583333333332,2.6625
2022-07-06,19.025000000000002,15.3,24.7,52.708333333333336,0.0,889.8416666666667,2.370833333333333
2022-07-07,18.691666666666666,12.1,25.4,58.541666666666664,0.0,890.1583333333333,1.9166666666666667
2022-07-08,19.783333333333335,12.6,25.4,56.416666666666664,0.0,891.8625000000001,2.2125
2022-07-09,19.025000000000002,13.5,24.2,56.041666666666664,0.0,891.6750000000001,2.9333333333333336
2022-07-10,18.995833333333334,14.5,24.0,54.666666666666664,0.0,890.3874999999999,3.279166666666667
2022-07-11,18.470833333333335,14.4,24.0,55.625,0.0,888.6875,2.6083333333333334
2022-07-12,18.349999999999998,10.3,24.9,54.791666666666664,0.0,889.5083333333333,1.4708333333333332
2022-07-13,19.708333333333332,13.4,26.0,45.375,0.0,889.5749999999999,2.129166666666667
2022-07-14,20.204166666666666,15.7,25.8,49.208333333333336,0.0,889.2708333333334,2.716666666666667
2022-07-15,19.599999999999998,11.4,26.2,53.666666666666664,0.0,888.9416666666666,2.033333333333333
2022-07-16,20.933333333333334,13.0,27.7,46.208333333333336,0.0,888.6625,1.8625
2022-07-17,19.325,12.1,26.6,51.041666666666664,0.0,890.2875,2.0
2022-07-18,20.054166666666667,15.0,25.0,46.333333333333336,0.0,890.9833333333332,3.4416666666666664
2022-07-19,19.654166666666665,15.3,24.7,54.625,0.0,891.2541666666666,3.079166666666667
2022-07-20,18.341666666666665,11.7,24.5,58.708333333333336,0.0,889.6875,2.654166666666667
2022-07-21,19.474999999999998,14.9,25.4,53.625,0.0,888.9625,2.7416666666666667
2022-07-22,19.433333333333334,13.0,25.4,51.125,0.0,888.9791666666666,2.5416666666666665
2022-07-23,18.645833333333332,11.2,25.4,52.791666666666664,0.0,889.1208333333334,2.0
2022-07-24,20.320833333333333,15.9,25.6,47.875,0.0,889.3166666666666,2.5166666666666666
2022-07-25,20.033333333333335,12.9,25.8,52.166666666666664,0.0,889.8291666666668,2.4250000000000003
2022-07-26,19.349999999999998,13.5,25.2,52.625,0.0,890.1666666666666,2.7541666666666664
2022-07-27,18.712500000000002,14.0,23.7,51.208333333333336,0.0,890.0749999999999,2.8208333333333333
2022-07-28,19.416666666666668,13.5,26.0,49.458333333333336,0.0,888.4083333333333,1.9916666666666665
2022-07-29,19.6125,12.8,27.5,43.75,0.0,887.9291666666667,1.4749999999999999
2022-07-30,20.320833333333333,13.6,27.4,39.208333333333336,0.0,887.6291666666666,1.6416666666666666
2022-07-31,21.016666666666666,13.8,28.3,43.0,0.0,888.6958333333333,1.8708333333333333
2022-08-01,21.587500000000002,13.7,27.6,41.583333333333336,0.0,888.3458333333333,1.8916666666666666
2022-08-02,22.3875,17.7,28.2,42.333333333333336,0.0,888.1833333333334,2.4666666666666663
2022-08-03,22.212500000000002,17.8,26.8,41.166666666666664,0.0,888.3000000000001,2.6958333333333333
2022-08-04,21.59166666666667,16.8,27.0,40.75,0.0,887.8375,2.3874999999999997
2022-08-05,20.495833333333334,12.6,28.3,44.208333333333336,0.0,887.5375,1.2833333333333334
2022-08-06,22.058333333333334,14.4,29.4,35.875,0.0,887.1958333333333,1.675
2022-08-07,22.3,14.8,30.3,34.541666666666664,0.0,887.275,1.675
2022-08-08,23.583333333333332,17.3,29.6,36.916666666666664,0.0,887.35,1.6583333333333332
2022-08-09,22.358333333333334,15.9,28.6,49.0,0.0,888.6374999999999,2.245833333333333
2022-08-10,20.974999999999998,16.6,27.4,55.916666666666664,0.0,888.8208333333333,2.720833333333333
2022-08-11,16.804166666666667,10.1,26.0,50.625,0.0,888.5916666666667,2.3916666666666666
2022-08-12,19.354166666666668,12.1,27.7,41.333333333333336,0.0,889.8666666666667,2.025
2022-08-13,20.7625,13.6,27.3,47.75,0.0,890.8291666666668,2.4
2022-08-14,21.325,16.6,26.7,48.875,0.0,890.3916666666668,2.8625000000000003
2022-08-15,21.029166666666665,14.8,27.5,40.583333333333336,0.0,888.4083333333333,2.658333333333333
2022-08-16,21.516666666666666,15.9,27.7,40.625,0.0,888.3208333333333,1.6166666666666665
2022-08-17,22.825,14.6,29.0,36.708333333333336,0.0,887.375,2.225
2022-08-18,23.1375,14.8,29.3,34.0,0.0,887.2958333333332,1.9749999999999999
2022-08-19,21.479166666666668,16.0,27.7,49.041666666666664,0.0,889.8125,2.2375000000000003
2022-08-20,20.229166666666668,15.7,25.3,52.041666666666664,0.0,890.2624999999999,3.641666666666667
2022-08-21,19.166666666666668,13.6,25.2,50.416666666666664,0.0,891.3625000000001,4.0625
2022-08-22,19.195833333333333,14.2,24.2,49.5,0.0,890.6875,3.716666666666667
2022-08-23,19.566666666666666,14.5,25.6,45.041666666666664,0.0,890.4791666666666,3.0500000000000003
2022-08-24,20.400000000000002,15.7,25.6,42.541666666666664,0.0,890.6125000000001,2.4
2022-08-25,20.849999999999998,16.1,26.4,38.375,0.0,890.2333333333332,2.8333333333333335
2022-08-26,21.2125,16.5,27.5,40.708333333333336,0.0,889.9499999999999,2.620833333333333
2022-08-27,21.504166666666666,15.4,26.7,41.541666666666664,0.0,888.75,2.983333333333333
2022-08-28,21.854166666666668,13.2,28.2,40.791666666666664,0.0,889.2125,2.3625000000000003
2022-08-29,22.4375,14.2,29.2,37.208333333333336,0.0,888.9583333333334,2.4875000000000003
2022-08-30,21.849999999999998,17.4,27.3,39.25,0.0,889.5958333333333,3.025
2022-08-31,19.575,13.8,24.7,54.583333333333336,0.0,890.25,3.858333333333333
2022-09-01,18.837500000000002,12.7,24.9,45.541666666666664,0.0,889.1458333333334,3.7458333333333336
2022-09-02,20.0625,14.0,26.6,39.291666666666664,0.0,889.0958333333333,2.783333333333333
2022-09-03,21.679166666666664,12.5,28.9,34.583333333333336,0.0,889.3416666666667,2.1416666666666666
2022-09-04,23.416666666666668,14.7,30.4,25.125,0.0,888.8625000000001,2.2833333333333337
2022-09-05,23.891666666666666,16.3,29.8,26.416666666666668,0.0,889.9833333333332,2.8791666666666664
2022-09-06,22.162499999999998,17.0,27.4,46.833333333333336,0.0,891.4166666666666,3.8666666666666667
2022-09-07,21.091666666666665,16.9,26.2,50.583333333333336,0.0,889.75,3.3833333333333333
2022-09-08,22.291666666666668,16.5,28.4,41.541666666666664,0.0,888.4541666666668,2.3583333333333334
2022-09-09,22.733333333333334,14.2,28.9,37.708333333333336,0.0,888.9541666666668,2.3583333333333334
2022-09-10,23.008333333333336,14.7,29.9,31.125,0.0,889.3458333333333,2.1166666666666667
2022-09-11,25.004166666666666,15.2,32.2,25.666666666666668,0.0,887.9291666666667,2.2083333333333335
2022-09-12,25.604166666666668,18.2,31.6,22.75,0.0,886.5916666666667,2.3666666666666667
2022-09-13,26.46666666666667,19.0,32.7,21.208333333333332,0.0,885.5791666666668,2.1666666666666665
2022-09-14,25.991666666666664,18.6,32.5,22.416666666666668,0.0,886.5500000000001,2.029166666666667
2022-09-15,24.133333333333336,19.3,30.3,42.291666666666664,0.0,887.3625000000001,2.3833333333333333
2022-09-16,24.55,17.9,31.6,48.541666666666664,0.0,887.1541666666667,2.025
2022-09-17,23.537499999999998,19.5,30.3,56.541666666666664,1.4,886.1,2.5625
2022-09-18,21.829166666666666,18.0,28.2,68.0,5.0,886.1750000000001,2.654166666666667
2022-09-19,21.416666666666668,17.8,27.1,70.625,10.4,886.5791666666668,1.5458333333333334
2022-09-20,23.0,18.7,27.6,62.916666666666664,0.0,885.625,1.4708333333333332
2022-09-21,22.929166666666664,17.7,27.8,68.16666666666667,8.6,884.9666666666667,1.8541666666666667
2022-09-22,21.070833333333333,17.4,26.8,75.83333333333333,15.0,885.5458333333332,2.904166666666667
2022-09-23,20.216666666666665,17.3,24.8,80.41666666666667,0.0,886.9250000000001,1.4749999999999999
2022-09-24,21.8625,18.1,28.0,72.70833333333333,0.0,887.1083333333332,1.9583333333333333
2022-09-25,21.616666666666664,19.0,23.5,71.83333333333333,0.0,887.5666666666666,2.658333333333333
2022-09-26,22.650000000000002,18.3,28.0,64.83333333333333,0.0,887.6833333333334,2.4499999999999997
2022-09-27,23.833333333333332,18.8,29.3,48.75,0.0,888.0541666666667,1.5541666666666665
2022-09-28,23.420833333333334,16.3,30.6,58.791666666666664,0.0,886.5749999999999,1.8958333333333333
2022-09-29,24.083333333333332,18.4,29.4,55.833333333333336,0.0,886.6083333333332,2.0916666666666663
2022-09-30,24.7625,19.5,30.6,53.208333333333336,0.0,887.35,2.7375000000000003
2022-10-01,23.883333333333336,17.9,29.3,57.708333333333336,0.0,888.3583333333332,3.0083333333333333
2022-10-02,22.8875,19.4,26.0,61.666666666666664,0.0,888.3083333333334,1.7666666666666666
2022-10-03,22.8625,19.2,27.9,58.458333333333336,0.0,887.3833333333333,1.8583333333333334
2022-10-04,23.429166666666664,20.0,28.4,57.666666666666664,0.0,885.8791666666666,1.575
2022-10-05,22.445833333333336,18.5,28.2,63.958333333333336,0.0,886.3208333333333,2.475
2022-10-06,23.858333333333334,18.8,31.3,55.208333333333336,0.0,885.5500000000001,2.6041666666666665
2022-10-07,22.191666666666666,19.3,23.7,62.375,0.0,886.2166666666667,2.658333333333333
2022-10-08,23.150000000000002,17.9,30.4,58.75,0.0,885.3708333333334,1.9791666666666667
2022-10-09,22.8875,18.5,29.6,62.625,0.2,886.8416666666667,2.7875
2022-10-10,24.3875,18.0,31.8,51.583333333333336,0.0,888.1041666666666,2.858333333333333
2022-10-11,26.087500000000002,22.8,31.5,33.541666666666664,0.0,888.6958333333333,3.1750000000000003
2022-10-12,26.104166666666668,21.3,30.5,27.75,0.0,887.3625000000001,3.016666666666667
2022-10-13,24.72083333333333,20.4,29.3,29.208333333333332,0.0,887.4958333333334,3.279166666666667
2022-10-14,24.8,17.3,31.3,35.333333333333336,0.0,888.3416666666667,2.6999999999999997
2022-10-15,24.854166666666668,20.2,29.6,34.291666666666664,0.0,888.8458333333333,3.65
2022-10-16,23.754166666666666,18.0,29.2,39.833333333333336,0.0,887.1708333333332,2.983333333333333
2022-10-17,25.045833333333334,19.6,30.5,32.666666666666664,0.0,886.0458333333332,3.0625
2022-10-18,25.870833333333334,18.0,31.4,28.791666666666668,0.0,886.8249999999999,2.620833333333333
2022-10-19,26.3,22.0,30.9,31.958333333333332,0.0,887.2291666666666,2.35
2022-10-20,26.150000000000002,20.7,31.6,32.958333333333336,0.0,885.4666666666667,2.216666666666667
2022-10-21,24.116666666666664,17.9,29.5,46.583333333333336,0.0,884.8375,2.2083333333333335
2022-10-22,22.620833333333334,17.6,28.3,63.75,0.0,885.5083333333333,1.5458333333333334
2022-10-23,21.016666666666666,19.2,23.7,76.75,1.8,887.0291666666667,2.2708333333333335
2022-10-24,20.720833333333335,17.5,24.9,76.91666666666667,0.8,886.6625,1.8250000000000002
2022-10-25,23.495833333333334,17.5,29.7,59.375,0.0,885.525,2.1958333333333333
2022-10-26,23.1125,16.3,30.5,59.625,1.5999999999999999,885.0291666666667,2.033333333333333
2022-10-27,22.383333333333336,17.1,29.5,65.08333333333333,15.799999999999999,885.6125000000001,2.066666666666667
2022-10-28,22.4375,17.5,29.8,66.20833333333333,1.2,885.9375,2.3583333333333334
2022-10-29,22.479166666666668,18.5,28.2,65.95833333333333,0.0,885.6416666666668,2.4
2022-10-30,22.941666666666666,18.4,28.7,66.375,0.0,884.1041666666666,2.158333333333333
2022-10-31,23.09583333333333,19.4,29.0,69.25,14.0,884.75,1.6375
2022-11-01,21.025000000000002,17.5,26.9,82.125,40.2,886.0375,1.6624999999999999
2022-11-02,19.116666666666667,17.6,20.8,89.25,4.0,887.0666666666666,2.5958333333333337
2022-11-03,17.629166666666666,16.0,20.1,88.58333333333333,11.0,886.7041666666668,2.9958333333333336
2022-11-04,17.308333333333334,14.5,21.9,82.125,1.2000000000000002,886.4375,3.5666666666666664
2022-11-05,19.491666666666667,13.6,25.2,71.08333333333333,0.0,886.2083333333334,2.066666666666667
2022-11-06,21.279166666666665,15.7,26.1,63.833333333333336,0.0,886.4708333333333,2.2333333333333334
2022-11-07,22.650000000000002,18.3,29.2,61.375,0.0,886.4625,2.2375000000000003
2022-11-08,20.670833333333334,16.1,27.6,74.25,34.0,886.7416666666667,2.3625000000000003
2022-11-09,21.7,15.6,28.8,66.79166666666667,0.0,887.1291666666666,1.9041666666666668
2022-11-10,21.454166666666666,17.7,27.4,75.91666666666667,42.800000000000004,886.9291666666667,2.0833333333333335
2022-11-11,20.370833333333334,16.6,27.3,79.45833333333333,22.4,886.5416666666666,2.0625
2022-11-12,19.741666666666667,16.7,25.7,83.20833333333333,0.8,886.1458333333334,1.5583333333333333
2022-11-13,21.833333333333332,17.5,28.6,74.54166666666667,0.2,885.0625,1.9416666666666667
2022-11-14,21.8625,19.1,26.8,75.125,14.8,885.6750000000001,1.625
2022-11-15,19.758333333333333,17.4,26.4,87.70833333333333,113.0,887.1416666666668,1.8875
2022-11-16,20.35833333333333,17.5,25.8,82.70833333333333,15.6,886.8166666666666,1.6500000000000001
2022-11-17,21.90833333333333,16.7,28.2,73.875,0.2,885.625,1.8416666666666668
2022-11-18,23.683333333333334,19.4,28.3,62.916666666666664,1.4,884.9,2.466666666666667
2022-11-19,20.733333333333334,15.8,27.7,71.25,23.8,886.1458333333334,2.4291666666666667
2022-11-20,19.520833333333332,16.9,24.9,78.29166666666667,4.6000000000000005,886.4625,2.279166666666667
2022-11-21,20.275000000000002,15.9,26.4,77.33333333333333,8.0,885.4125,1.9541666666666666
2022-11-22,21.729166666666668,17.0,26.6,72.91666666666667,0.2,885.2958333333332,1.875
2022-11-23,20.620833333333334,18.0,25.8,80.54166666666667,21.2,884.5833333333334,1.6500000000000001
2022-11-24,20.820833333333333,17.9,25.4,81.375,5.0,883.5708333333333,2.025
2022-11-25,20.1875,17.2,24.7,81.41666666666667,6.4,883.8208333333333,2.2666666666666666
2022-11-26,20.429166666666667,16.9,25.1,81.20833333333333,39.2,884.3208333333333,1.8416666666666668
2022-11-27,21.662499999999998,18.7,26.7,76.16666666666667,0.0,884.0124999999999,2.220833333333333
2022-11-28,21.733333333333334,18.6,26.2,77.25,0.0,881.4125,2.0708333333333333
2022-11-29,20.208333333333332,15.0,25.4,78.20833333333333,18.0,879.5541666666667,2.6
2022-11-30,19.958333333333332,17.4,24.6,77.33333333333333,0.4,879.9791666666666,2.6
2022-12-01,20.575,17.3,27.4,77.79166666666667,9.2,882.1583333333333,2.0125
2022-12-02,20.654166666666665,16.9,25.7,81.58333333333333,2.0,883.65,1.7
2022-12-03,20.8875,17.3,24.5,80.16666666666667,2.0,884.8166666666666,2.2916666666666665
2022-12-04,20.333333333333332,17.9,25.0,82.70833333333333,22.599999999999998,884.3833333333333,2.316666666666667
2022-12-05,21.087500000000002,18.8,26.8,78.625,0.2,885.2041666666668,2.529166666666667
2022-12-06,20.495833333333334,16.7,24.0,80.875,37.8,888.0541666666667,1.4666666666666668
2022-12-07,21.4375,17.6,27.1,80.08333333333333,1.2,887.0625,1.5208333333333333
2022-12-08,22.4875,18.7,26.6,77.04166666666667,3.2,884.0833333333334,1.4333333333333333
2022-12-09,21.791666666666668,18.6,26.7,80.375,42.0,883.6291666666666,2.2875
2022-12-10,20.270833333333332,17.2,25.1,79.875,14.6,885.5583333333334,3.0583333333333336
2022-12-11,22.412499999999998,18.7,28.4,71.5,0.0,886.1791666666667,2.0083333333333333
2022-12-12,22.6375,16.9,28.4,67.29166666666667,0.0,884.9166666666666,2.279166666666667
2022-12-13,21.808333333333334,19.8,26.6,75.16666666666667,0.0,884.2083333333334,2.6916666666666664
2022-12-14,21.224999999999998,18.5,24.3,81.91666666666667,6.6,883.5166666666668,1.8666666666666665
2022-12-15,19.945833333333333,18.7,22.0,89.0,13.8,884.1791666666667,2.3000000000000003
2022-12-16,19.854166666666668,18.4,23.0,86.5,17.6,882.8000000000001,2.120833333333333
2022-12-17,19.629166666666666,17.7,23.3,88.04166666666667,10.4,882.0958333333333,2.829166666666667
2022-12-18,20.1125,16.8,25.1,85.875,15.799999999999999,883.8375,2.120833333333333
2022-12-19,21.1875,18.0,25.9,80.875,0.0,884.6374999999999,2.625
2022-12-20,19.983333333333334,18.0,22.0,84.0,1.4,884.5416666666666,3.5
2022-12-21,19.425,17.9,21.8,87.33333333333333,8.8,883.8833333333333,2.775
2022-12-22,21.829166666666666,17.7,28.4,75.41666666666667,0.0,883.2833333333333,1.925
2022-12-23,20.383333333333333,16.8,25.0,81.20833333333333,10.4,884.3833333333333,1.5666666666666667
2022-12-24,21.258333333333333,18.0,25.9,78.75,17.8,884.7208333333333,2.308333333333333
2022-12-25,20.133333333333333,18.3,23.4,86.625,20.4,884.6625,2.1750000000000003
2022-12-26,18.875,18.2,19.9,93.29166666666667,44.4,885.5458333333332,2.9375
2022-12-27,20.241666666666667,17.6,24.3,82.16666666666667,9.8,886.3041666666667,3.0416666666666665
2022-12-28,21.325,18.4,25.5,77.66666666666667,0.0,886.4958333333334,2.216666666666667
2022-12-29,21.958333333333332,18.6,27.0,75.70833333333333,0.2,887.0666666666666,2.4291666666666667
2022-12-30,20.900000000000002,17.8,24.0,79.75,0.0,886.9666666666667,1.6666666666666667
2022-12-31,20.141666666666666,17.3,24.1,86.29166666666667,11.0,887.4,1.2291666666666667
2023-01-01,21.895833333333332,18.1,26.9,76.79166666666667,0.2,886.8874999999999,2.0375
2023-01-02,23.041666666666668,19.7,27.7,67.95833333333333,15.8,885.7041666666668,2.558333333333333
2023-01-03,20.8125,18.1,27.6,81.0,0.4,885.3916666666668,1.6666666666666667
2023-01-04,20.708333333333332,17.7,25.2,81.25,1.2,885.8208333333333,2.5124999999999997
2023-01-05,21.162499999999998,18.8,25.0,79.875,0.8,885.5208333333334,2.5375
2023-01-06,19.733333333333334,18.6,21.4,87.91666666666667,7.0,886.2666666666668,3.141666666666667
2023-01-07,20.7625,17.5,26.2,80.58333333333333,9.0,887.3916666666668,2.3375
2023-01-08,20.291666666666668,17.7,23.6,83.375,0.4,887.3791666666666,2.5791666666666666
2023-01-09,19.841666666666665,17.6,22.7,83.5,3.2,887.4125,2.1458333333333335
2023-01-10,21.329166666666666,15.8,28.2,73.875,0.0,887.5749999999999,1.9000000000000001
2023-01-11,20.754166666666666,17.2,25.0,80.04166666666667,35.2,888.0041666666666,1.4375
2023-01-12,20.099999999999998,16.9,25.1,84.08333333333333,6.4,886.5875,1.4916666666666665
2023-01-13,19.4875,17.2,25.2,86.0,15.6,885.9583333333334,1.2708333333333333
2023-01-14,20.529166666666665,16.2,26.7,81.125,13.600000000000001,886.8125,1.2458333333333333
2023-01-15,21.804166666666664,17.3,27.1,78.0,16.6,887.5833333333334,1.7208333333333332
2023-01-16,22.329166666666666,17.3,28.1,72.54166666666667,0.0,886.3166666666666,2.0208333333333335
2023-01-17,22.974999999999998,19.0,26.9,61.083333333333336,0.0,886.4083333333333,2.6
2023-01-18,22.645833333333332,17.7,27.8,65.0,0.0,887.4250000000001,1.9625000000000001
2023-01-19,20.525000000000002,17.2,25.4,76.83333333333333,5.8,887.8583333333332,1.5750000000000002
2023-01-20,20.183333333333334,16.8,24.7,81.125,0.4,886.9083333333333,1.383333333333333
2023-01-21,20.929166666666667,18.6,25.7,78.25,0.0,885.8208333333333,2.4166666666666665
2023-01-22,21.145833333333332,18.2,26.7,77.58333333333333,0.0,885.3041666666667,2.6999999999999997
2023-01-23,20.766666666666666,18.1,26.1,79.45833333333333,0.0,885.6416666666668,2.6458333333333335
2023-01-24,21.25,18.1,27.5,78.75,7.199999999999999,885.1916666666666,2.7083333333333335
2023-01-25,21.158333333333335,18.5,26.6,82.16666666666667,16.0,884.3333333333334,1.9166666666666667
2023-01-26,20.066666666666666,18.2,23.0,88.125,6.6000000000000005,884.2083333333334,1.9416666666666667
2023-01-27,20.683333333333334,18.0,26.1,78.08333333333333,8.6,885.4041666666667,2.404166666666667
2023-01-28,21.116666666666667,17.8,26.4,78.25,3.0,887.1958333333333,1.6833333333333333
2023-01-29,20.783333333333335,16.5,26.4,80.33333333333333,16.8,887.0041666666666,1.4333333333333333
2023-01-30,20.520833333333332,16.5,25.0,80.70833333333333,0.2,885.8458333333333,1.7083333333333333
2023-01-31,22.708333333333332,18.5,28.0,71.29166666666667,0.8,885.9333333333334,2.0
2023-02-01,22.691666666666666,16.9,28.2,67.16666666666667,0.0,886.6041666666666,1.9208333333333334
2023-02-02,23.395833333333332,16.5,28.6,60.541666666666664,0.0,887.1583333333333,1.9749999999999999
2023-02-03,21.704166666666666,17.7,28.1,75.0,0.2,887.5,1.8291666666666666
2023-02-04,21.883333333333336,17.5,28.6,74.95833333333333,0.0,888.4375,1.7541666666666667
2023-02-05,21.770833333333332,19.1,26.1,79.83333333333333,12.399999999999999,888.2791666666667,1.4041666666666668
2023-02-06,20.983333333333334,17.7,25.6,80.45833333333333,0.6,887.1333333333333,1.4708333333333332
2023-02-07,22.495833333333334,17.2,28.9,69.125,10.6,886.7291666666666,1.6958333333333335
2023-02-08,23.708333333333332,17.9,29.1,62.333333333333336,0.0,885.9541666666668,1.6958333333333335
2023-02-09,22.545833333333334,18.5,27.6,71.125,0.0,886.6166666666667,1.4916666666666665
2023-02-10,23.166666666666668,19.4,28.6,67.375,1.0,886.375,2.0458333333333334
2023-02-11,23.516666666666666,18.6,28.2,65.04166666666667,0.0,886.225,1.7166666666666668
2023-02-12,23.974999999999998,18.6,28.4,62.708333333333336,0.0,885.7666666666668,2.1625
2023-02-13,24.05,19.8,29.1,65.91666666666667,0.0,886.2291666666666,1.8875
2023-02-14,24.383333333333336,17.3,30.4,60.083333333333336,0.0,885.9541666666668,2.0
2023-02-15,25.679166666666664,20.2,30.4,51.166666666666664,0.0,884.875,2.066666666666667
2023-02-16,24.304166666666664,19.2,29.9,64.33333333333333,0.0,883.5124999999999,1.9666666666666668
2023-02-17,23.195833333333336,18.7,27.6,69.16666666666667,0.0,884.0208333333334,1.5791666666666666
2023-02-18,20.958333333333332,18.0,24.8,80.95833333333333,6.4,885.4416666666666,1.8208333333333335
2023-02-19,22.09166666666667,18.1,27.0,73.45833333333333,3.2,885.7624999999999,2.6791666666666667
2023-02-20,21.991666666666664,17.5,26.6,71.91666666666667,0.0,886.2875,2.1875
2023-02-21,20.6125,16.1,25.8,74.08333333333333,2.0,887.3000000000001,1.7208333333333332
2023-02-22,20.466666666666665,16.9,27.0,81.0,18.6,889.0458333333332,1.6916666666666667
2023-02-23,21.145833333333332,18.8,25.9,82.08333333333333,0.0,889.2833333333333,1.7833333333333332
2023-02-24,21.191666666666666,17.2,27.2,75.5,0.0,887.8249999999999,1.4458333333333335
2023-02-25,23.308333333333334,18.4,29.0,71.20833333333333,0.0,886.7875,1.7083333333333333
2023-02-26,23.525000000000002,17.9,29.3,66.875,0.0,887.9541666666668,1.8541666666666667
2023-02-27,24.208333333333332,17.8,29.2,58.791666666666664,0.0,888.5791666666668,2.5541666666666667
2023-02-28,23.900000000000002,19.2,29.3,61.333333333333336,0.0,888.8083333333334,2.475
2023-03-01,21.420833333333334,17.7,27.8,77.5,11.6,888.6458333333334,1.7583333333333335
2023-03-02,20.191666666666666,17.3,26.5,81.29166666666667,6.2,887.4958333333334,1.8666666666666665
2023-03-03,21.445833333333336,16.9,27.6,79.41666666666667,1.0,886.8708333333334,1.7750000000000001
2023-03-04,22.400000000000002,17.4,28.2,68.79166666666667,0.0,887.2083333333334,2.0124999999999997
2023-03-05,23.28333333333333,16.8,28.5,57.208333333333336,0.0,886.3333333333334,1.4291666666666665
2023-03-06,23.195833333333336,18.6,30.1,66.08333333333333,21.2,885.0333333333333,1.8958333333333333
2023-03-07,20.804166666666667,18.1,24.8,80.625,4.6000000000000005,886.1333333333333,1.7874999999999999
2023-03-08,20.679166666666667,16.8,26.3,78.20833333333333,4.0,887.0291666666667,2.5166666666666666
2023-03-09,21.391666666666666,17.9,26.5,80.08333333333333,12.4,887.5166666666668,1.4166666666666667
2023-03-10,21.925,19.9,25.8,81.04166666666667,2.6,887.3041666666667,1.2083333333333333
2023-03-11,21.104166666666668,17.2,26.8,79.04166666666667,0.0,886.4541666666668,1.5541666666666665
2023-03-12,21.59166666666667,17.7,26.6,76.41666666666667,0.0,886.7833333333333,2.0875
2023-03-13,21.8125,18.7,25.5,79.95833333333333,1.2000000000000002,887.0291666666667,1.5041666666666667
2023-03-14,21.3,19.6,23.8,79.375,0.0,887.4499999999999,1.4666666666666668
2023-03-15,20.8125,17.9,25.6,79.83333333333333,0.0,886.5875,1.6041666666666667
2023-03-16,20.220833333333335,17.7,25.7,85.5,42.2,885.9083333333333,1.7916666666666667
2023-03-17,20.325,17.9,23.6,83.79166666666667,1.8,885.9333333333334,1.675
2023-03-18,20.391666666666666,17.7,24.8,81.29166666666667,0.4,886.725,1.9166666666666667
2023-03-19,21.65416666666667,17.9,26.7,69.54166666666667,0.0,886.9375,2.2375000000000003
2023-03-20,19.400000000000002,17.3,22.4,85.79166666666667,19.400000000000002,887.2291666666666,1.5625
2023-03-21,20.075,18.0,24.7,82.54166666666667,4.2,887.75,1.7333333333333334
2023-03-22,20.333333333333332,16.8,25.3,82.04166666666667,0.4,888.4583333333334,2.0833333333333335
2023-03-23,21.458333333333332,17.0,26.6,76.25,2.0,888.5083333333333,2.0208333333333335
2023-03-24,22.162499999999998,17.0,27.2,68.20833333333333,0.0,888.1958333333333,2.2333333333333334
2023-03-25,22.05,14.9,27.5,59.791666666666664,0.0,887.7458333333334,2.1
2023-03-26,23.0,16.0,28.8,57.875,0.0,888.0083333333333,2.0
2023-03-27,23.520833333333332,17.3,29.7,59.75,0.0,887.1625,1.9875
2023-03-28,22.9875,18.0,27.8,67.91666666666667,0.0,886.975,1.6416666666666666
2023-03-29,23.0,19.5,27.2,64.0,0.0,887.4625,2.558333333333333
2023-03-30,21.766666666666666,14.9,28.9,59.25,0.0,888.4541666666668,1.8125
2023-03-31,22.46666666666667,15.8,29.2,64.08333333333333,0.0,887.5958333333333,1.3083333333333333
2023-04-01,22.962500000000002,17.6,29.0,64.125,0.0,886.4625,1.4291666666666665
2023-04-02,20.295833333333334,17.7,25.5,76.29166666666667,1.4,886.2541666666666,1.5374999999999999
2023-04-03,19.554166666666667,17.4,24.8,75.08333333333333,0.6000000000000001,886.8541666666666,2.1750000000000003
2023-04-04,20.395833333333332,16.6,25.6,74.625,0.0,886.35,2.2083333333333335
2023-04-05,21.0625,17.4,26.0,76.58333333333333,6.4,885.6125000000001,1.9583333333333333
2023-04-06,22.170833333333334,17.5,27.3,73.83333333333333,0.0,885.4625,1.8291666666666666
2023-04-07,20.658333333333335,19.3,23.2,84.91666666666667,5.4,886.2375000000001,1.1625
2023-04-08,21.608333333333334,18.2,27.9,81.16666666666667,0.7999999999999999,886.9250000000001,1.3541666666666667
2023-04-09,21.166666666666668,18.2,26.1,82.54166666666667,1.4,887.8166666666666,1.95
2023-04-10,21.816666666666666,17.4,26.7,77.70833333333333,37.4,888.2041666666668,2.1666666666666665
2023-04-11,20.895833333333332,18.2,25.8,83.16666666666667,26.0,887.775,2.275
2023-04-12,21.429166666666664,18.1,26.2,81.125,0.0,886.8833333333333,1.7958333333333334
2023-04-13,20.791666666666668,18.1,25.8,84.16666666666667,13.4,885.6583333333333,1.875
2023-04-14,22.025000000000002,18.3,27.4,76.875,9.2,885.875,1.7583333333333335
2023-04-15,22.03333333333333,17.6,28.1,75.45833333333333,0.0,887.0541666666667,1.3166666666666667
2023-04-16,21.620833333333334,18.2,27.6,77.66666666666667,13.399999999999999,886.6833333333334,1.4833333333333334
2023-04-17,21.308333333333334,17.3,27.2,80.66666666666667,1.5999999999999999,884.3291666666668,1.5583333333333333
2023-04-18,22.316666666666666,17.9,28.4,76.16666666666667,0.0,883.0625,1.9208333333333334
2023-04-19,21.516666666666666,18.9,25.8,81.16666666666667,0.0,885.3083333333334,2.725
2023-04-20,20.183333333333334,17.3,24.3,82.875,16.2,887.0791666666668,1.8291666666666666
2023-04-21,20.258333333333333,15.8,26.2,73.0,0.0,886.525,2.3666666666666667
2023-04-22,19.554166666666667,18.2,21.4,84.91666666666667,0.0,887.3249999999999,3.0666666666666664
2023-04-23,19.716666666666665,17.1,24.5,80.08333333333333,0.0,888.1333333333333,3.279166666666667
2023-04-24,19.991666666666667,16.9,23.4,77.08333333333333,0.0,888.8458333333333,3.5375
2023-04-25,21.116666666666667,17.2,25.5,72.33333333333333,0.0,889.125,2.7125
2023-04-26,21.758333333333336,17.8,27.1,68.5,0.0,888.4333333333334,2.1791666666666667
2023-04-27,21.170833333333334,15.5,27.7,71.91666666666667,21.2,887.3125,1.3916666666666666
2023-04-28,21.120833333333334,16.6,28.6,79.20833333333333,1.8,887.8083333333334,1.25
2023-04-29,20.758333333333333,16.7,26.8,79.91666666666667,4.4,888.2791666666667,1.0250000000000001
2023-04-30,19.55,16.4,25.2,84.66666666666667,26.6,888.2541666666666,1.7208333333333332
2023-05-01,20.425,14.7,26.9,71.45833333333333,0.6000000000000001,888.1541666666667,1.5583333333333333
2023-05-02,19.595833333333335,13.5,26.6,65.875,0.0,886.9916666666667,1.2833333333333334
2023-05-03,19.908333333333335,13.8,26.6,65.83333333333333,0.0,887.1458333333334,1.3791666666666667
2023-05-04,20.629166666666666,15.2,26.2,70.875,0.0,888.1166666666667,1.8083333333333333
2023-05-05,21.662499999999998,16.3,27.0,69.29166666666667,0.0,889.4499999999999,2.1625
2023-05-06,20.579166666666666,15.3,25.7,69.33333333333333,0.0,889.2041666666668,2.0875
2023-05-07,20.054166666666667,14.7,25.3,68.66666666666667,0.0,888.3625000000001,2.1875
2023-05-08,20.283333333333335,14.0,26.0,66.0,0.0,889.0083333333333,2.0
2023-05-09,20.474999999999998,13.7,26.3,68.0,0.0,888.8833333333333,1.3666666666666665
2023-05-10,20.916666666666668,14.8,27.8,67.54166666666667,0.0,888.0124999999999,1.2291666666666667
2023-05-11,20.779166666666665,15.3,26.2,70.04166666666667,1.0,886.6458333333334,1.375
2023-05-12,21.0,16.2,28.0,69.79166666666667,0.2,887.4333333333334,1.3833333333333335
2023-05-13,20.191666666666666,14.9,26.1,67.95833333333333,0.0,888.3625000000001,1.5166666666666666
2023-05-14,19.658333333333335,13.4,26.1,59.166666666666664,0.0,889.9250000000001,1.5083333333333335
2023-05-15,20.3125,14.0,27.1,64.875,0.0,890.125,1.4541666666666666
2023-05-16,20.537499999999998,14.0,26.0,64.625,0.0,888.85,1.5125
2023-05-17,19.870833333333334,14.1,26.8,65.79166666666667,0.0,888.4458333333333,1.5999999999999999
2023-05-18,19.408333333333335,12.6,26.5,62.166666666666664,0.0,889.5583333333334,1.6125
2023-05-19,19.099999999999998,11.8,26.6,57.958333333333336,0.0,889.4125,1.5708333333333335
2023-05-20,18.662499999999998,12.8,24.9,56.166666666666664,0.0,888.6,1.9124999999999999
2023-05-21,18.375,11.3,23.7,58.375,0.0,887.7375000000001,2.4375
2023-05-22,18.691666666666666,11.0,24.1,55.625,0.0,888.6,2.2083333333333335
2023-05-23,18.483333333333334,13.1,23.5,63.291666666666664,0.0,889.3208333333333,2.3333333333333335
2023-05-24,18.9375,14.3,24.5,66.58333333333333,0.0,888.7666666666668,2.716666666666667
2023-05-25,19.620833333333334,15.4,24.9,68.0,0.0,889.3583333333332,2.6791666666666667
2023-05-26,19.420833333333334,14.9,24.6,70.33333333333333,0.0,889.775,2.9791666666666665
2023-05-27,20.212500000000002,15.0,26.1,70.04166666666667,0.0,889.8541666666666,1.9833333333333334
2023-05-28,20.595833333333335,14.3,26.2,66.625,0.0,888.9208333333332,1.5125
2023-05-29,20.8,14.4,27.2,65.25,0.0,888.0958333333333,1.1583333333333334
2023-05-30,20.974999999999998,15.3,26.2,60.083333333333336,0.0,889.125,2.3416666666666663
2023-05-31,20.67083333333333,15.5,25.6,66.58333333333333,0.0,889.9375,1.5374999999999999
2023-06-01,20.170833333333334,14.5,24.8,72.625,0.0,890.4166666666666,1.5791666666666666
2023-06-02,20.216666666666665,14.9,25.5,66.5,0.0,889.3291666666668,1.7958333333333334
2023-06-03,19.933333333333334,14.6,25.2,59.791666666666664,0.0,889.2708333333334,2.3541666666666665
2023-06-04,19.095833333333335,13.9,24.8,60.375,0.0,890.8041666666667,2.1416666666666666
2023-06-05,17.875,10.7,24.3,63.666666666666664,0.0,890.7083333333334,1.4916666666666665
2023-06-06,19.304166666666667,11.6,26.5,58.541666666666664,0.0,889.5208333333334,2.15
2023-06-07,18.583333333333332,11.6,25.0,61.291666666666664,0.0,890.6374999999999,2.0416666666666665
2023-06-08,19.166666666666668,12.3,25.4,61.583333333333336,0.0,891.15,2.2125
2023-06-09,19.266666666666666,12.6,25.4,63.875,0.0,890.6208333333334,1.875
2023-06-10,19.833333333333332,13.5,26.4,67.04166666666667,0.0,890.1875,1.6624999999999999
2023-06-11,20.291666666666668,13.9,26.4,65.66666666666667,0.0,889.5749999999999,1.4041666666666668
2023-06-12,21.433333333333334,16.3,27.0,60.083333333333336,0.0,889.2791666666667,1.4583333333333333
2023-06-13,21.320833333333333,15.5,27.5,63.291666666666664,0.4,889.6916666666666,1.5416666666666667
2023-06-14,21.9875,15.3,26.9,54.041666666666664,0.0,889.1125000000001,2.15
2023-06-15,21.216666666666665,14.2,26.8,57.958333333333336,0.0,889.3166666666666,1.5125
2023-06-16,20.316666666666666,15.5,26.8,72.20833333333333,1.2,889.9958333333334,1.8416666666666668
2023-06-17,18.695833333333333,17.1,21.7,83.5,0.4,890.8291666666668,2.0625
2023-06-18,18.320833333333333,13.0,25.3,71.54166666666667,0.2,890.6666666666666,1.7083333333333333
2023-06-19,19.083333333333332,12.8,25.2,66.20833333333333,0.0,891.2166666666667,2.175
2023-06-20,18.9375,12.8,24.3,61.625,0.0,891.5375,2.1958333333333333
2023-06-21,18.366666666666667,11.9,24.2,58.25,0.0,890.4833333333332,2.0208333333333335
2023-06-22,18.329166666666666,11.1,24.0,56.625,0.0,890.225,2.2708333333333335
2023-06-23,18.458333333333332,11.5,24.2,59.0,0.0,889.6374999999999,2.183333333333333
2023-06-24,17.595833333333335,11.0,24.1,61.791666666666664,0.0,889.85,1.625
2023-06-25,17.454166666666666,11.9,22.4,61.916666666666664,0.0,890.5041666666666,1.825
2023-06-26,17.991666666666667,12.8,23.8,62.833333333333336,0.0,890.2708333333334,2.4791666666666665
2023-06-27,19.2375,14.6,25.4,59.291666666666664,0.0,890.4208333333332,2.441666666666667
2023-06-28,19.5125,14.3,24.7,54.75,0.0,890.7666666666668,2.379166666666667
2023-06-29,17.408333333333335,10.3,24.5,58.208333333333336,0.0,891.1166666666667,2.0500000000000003
2023-06-30,18.224999999999998,13.4,24.9,64.58333333333333,0.0,891.2291666666666,2.2708333333333335
2023-07-01,19.141666666666666,14.0,24.1,59.666666666666664,0.0,890.7166666666667,2.2125
2023-07-02,17.541666666666668,10.9,24.0,56.75,0.0,889.2416666666667,1.7125000000000001
2023-07-03,18.116666666666667,10.5,24.8,50.416666666666664,0.0,889.5458333333332,1.7166666666666668
2023-07-04,18.566666666666666,11.2,25.1,50.083333333333336,0.0,890.3125,2.3541666666666665
2023-07-05,17.5625,11.7,22.6,54.0,0.0,891.125,2.716666666666667
2023-07-06,17.662499999999998,12.2,23.4,49.958333333333336,0.0,890.025,2.316666666666667
2023-07-07,17.291666666666668,9.6,25.1,54.791666666666664,0.0,889.3458333333333,1.4000000000000001
2023-07-08,18.412499999999998,10.8,27.0,54.708333333333336,0.0,888.5500000000001,1.4291666666666665
2023-07-09,18.566666666666666,12.2,26.7,54.583333333333336,0.0,889.2916666666666,1.125
2023-07-10,19.599999999999998,11.7,27.9,49.333333333333336,0.0,889.1708333333332,1.5374999999999999
2023-07-11,20.170833333333334,11.8,27.6,50.041666666666664,0.0,888.7541666666666,1.5541666666666665
2023-07-12,20.820833333333333,14.4,27.8,52.291666666666664,0.0,886.7041666666668,1.3875
2023-07-13,21.2625,14.4,28.2,47.333333333333336,0.0,886.5791666666668,1.4625000000000001
2023-07-14,19.6125,15.1,26.3,62.958333333333336,0.0,887.2166666666667,2.033333333333333
2023-07-15,19.895833333333332,11.9,27.1,61.708333333333336,0.0,888.0124999999999,2.0458333333333334
2023-07-16,21.791666666666668,14.6,28.0,54.666666666666664,0.0,889.2041666666668,1.6583333333333332
2023-07-17,22.170833333333334,16.9,27.6,52.916666666666664,0.0,890.1541666666667,1.6375
2023-07-18,22.254166666666666,14.9,28.2,46.916666666666664,0.0,891.8083333333334,1.9500000000000002
2023-07-19,22.241666666666664,14.9,27.5,42.666666666666664,0.0,893.3291666666668,2.3625000000000003
2023-07-20,20.108333333333334,15.8,24.6,50.833333333333336,0.0,893.8333333333334,3.9416666666666664
2023-07-21,18.445833333333333,14.5,22.9,66.58333333333333,0.0,893.6,4.391666666666667
2023-07-22,18.079166666666666,14.8,22.9,69.0,0.0,892.8000000000001,3.3958333333333335
2023-07-23,19.254166666666666,14.6,24.8,54.5,0.0,893.1458333333334,3.0625
2023-07-24,19.054166666666667,13.5,24.7,62.083333333333336,0.0,892.6916666666666,2.7125
2023-07-25,20.412499999999998,17.0,25.1,57.5,0.0,890.4458333333333,2.8375
2023-07-26,20.591666666666665,13.1,25.9,42.208333333333336,0.0,889.5041666666666,2.0416666666666665
2023-07-27,19.4375,12.5,26.1,43.333333333333336,0.0,890.7333333333332,1.8666666666666665
2023-07-28,20.633333333333333,15.3,26.4,52.25,0.0,891.6208333333334,1.7708333333333333
2023-07-29,20.275000000000002,13.9,27.2,54.125,0.0,891.1083333333332,1.4958333333333333
2023-07-30,20.570833333333333,13.9,27.0,52.166666666666664,0.0,891.4625,1.8708333333333333
2023-07-31,21.108333333333334,14.8,27.0,51.416666666666664,0.0,892.4666666666667,2.470833333333333
2023-08-01,21.354166666666668,16.3,26.4,49.541666666666664,0.0,892.0083333333333,2.433333333333333
2023-08-02,20.695833333333333,14.2,26.3,48.375,0.0,891.8583333333332,2.3249999999999997
2023-08-03,20.0,11.7,27.8,44.916666666666664,0.0,891.0208333333334,1.4791666666666667
2023-08-04,20.295833333333334,12.2,28.0,41.375,0.0,889.75,1.4708333333333332
2023-08-05,21.0,13.8,28.6,40.083333333333336,0.0,890.3541666666666,1.741666666666667
2023-08-06,22.59583333333333,14.0,28.1,33.375,0.0,890.8249999999999,2.733333333333333
2023-08-07,22.208333333333332,17.5,28.5,31.125,0.0,891.6916666666666,2.1625
2023-08-08,21.53333333333333,13.8,29.1,37.916666666666664,0.0,891.2416666666667,2.091666666666667
2023-08-09,21.34166666666667,14.9,28.4,44.583333333333336,0.0,890.4499999999999,2.595833333333333
2023-08-10,22.40416666666667,17.1,28.2,45.375,0.0,889.9333333333334,2.7291666666666665
2023-08-11,22.804166666666664,17.1,29.2,43.25,0.0,889.875,2.3874999999999997
2023-08-12,21.75,13.3,29.2,43.833333333333336,0.0,889.6041666666666,2.191666666666667
2023-08-13,21.71666666666667,15.0,27.7,43.75,0.0,889.1458333333334,2.2125
2023-08-14,21.583333333333332,16.2,26.8,43.25,0.0,889.4208333333332,3.2083333333333335
2023-08-15,20.620833333333334,16.8,25.2,44.958333333333336,0.0,889.4958333333334,3.525
2023-08-16,19.825,15.8,24.3,48.791666666666664,0.0,889.7958333333332,3.341666666666667
2023-08-17,19.962500000000002,15.2,24.7,53.75,0.0,889.3166666666666,2.9
2023-08-18,21.895833333333332,17.1,28.9,45.291666666666664,0.0,886.9499999999999,1.8708333333333333
2023-08-19,22.370833333333334,16.3,29.3,46.625,0.0,885.5583333333334,1.9833333333333334
2023-08-20,22.066666666666666,13.6,29.8,50.333333333333336,0.0,885.3708333333334,2.2624999999999997
2023-08-21,20.558333333333334,13.7,29.3,56.166666666666664,0.0,886.8666666666667,2.5434782608695654
2023-08-22,22.863636363636363,15.5,29.5,45.22727272727273,0.0,886.1409090909091,1.6833333333333333
2023-08-23,24.004166666666666,16.6,31.9,29.625,0.0,885.3666666666667,1.7625
2023-08-24,23.59583333333333,18.2,29.0,44.666666666666664,0.0,885.8666666666667,1.7291666666666667
2023-08-25,24.2625,19.3,29.1,53.625,0.0,885.8958333333334,2.066666666666667
2023-08-26,22.72083333333333,18.6,28.2,70.16666666666667,4.6,886.2541666666666,1.8375000000000001
2023-08-27,22.245833333333334,18.5,28.5,69.95833333333333,0.4,887.15,1.7625
2023-08-28,20.6375,18.5,24.1,83.625,7.800000000000001,888.5833333333334,1.5916666666666668
2023-08-29,22.054166666666664,18.9,28.1,76.625,0.0,889.2541666666666,1.8541666666666667
2023-08-30,21.254166666666666,17.9,25.6,76.79166666666667,8.2,888.9125,2.2416666666666667
2023-08-31,22.554166666666664,17.2,29.6,67.5,16.6,888.5500000000001,1.3958333333333333
2023-09-01,22.337500000000002,18.0,28.9,70.08333333333333,20.8,888.6916666666666,2.25
2023-09-02,23.166666666666668,18.4,28.8,67.45833333333333,1.8,888.3249999999999,2.2416666666666667
2023-09-03,24.125,19.2,30.1,58.75,0.0,888.4166666666666,2.0208333333333335
2023-09-04,24.295833333333334,18.0,31.0,52.875,0.0,888.7208333333333,1.2833333333333334
2023-09-05,25.820833333333336,21.4,30.4,49.0,0.0,889.1958333333333,1.9124999999999999
2023-09-06,23.599999999999998,19.8,27.9,60.125,0.0,889.5458333333332,3.858333333333333
2023-09-07,21.941666666666666,17.0,26.4,51.0,0.0,889.5291666666667,3.7916666666666665
2023-09-08,22.329166666666666,17.9,27.6,47.958333333333336,0.0,889.1416666666668,2.783333333333333
2023-09-09,23.275000000000002,18.2,28.4,40.333333333333336,0.0,889.375,2.3041666666666667
2023-09-10,23.349999999999998,17.1,28.9,37.958333333333336,0.0,888.9875000000001,2.8083333333333336
2023-09-11,22.9375,17.7,27.6,35.333333333333336,0.0,888.5708333333333,2.8541666666666665
2023-09-12,23.025000000000002,15.3,29.5,43.291666666666664,0.0,888.5583333333334,1.7666666666666666
2023-09-13,24.47083333333333,16.8,30.8,41.958333333333336,0.0,887.5291666666667,1.9708333333333332
2023-09-14,23.46666666666667,18.9,30.2,49.916666666666664,0.0,887.7791666666667,2.1041666666666665
2023-09-15,22.583333333333332,17.5,27.6,60.625,0.0,888.4083333333333,2.3583333333333334
2023-09-16,23.079166666666666,18.3,29.3,57.083333333333336,0.0,888.3625000000001,2.341666666666667
2023-09-17,24.650000000000002,19.3,30.4,50.458333333333336,0.0,888.4916666666667,2.65
2023-09-18,25.079166666666666,19.5,30.6,46.541666666666664,0.0,888.6625,2.5833333333333335
2023-09-19,25.349999999999998,17.7,31.7,40.0,0.0,887.6458333333334,2.1333333333333333
2023-09-20,26.5,21.6,31.8,32.041666666666664,0.0,887.4958333333334,2.308333333333333
2023-09-21,25.6375,18.7,30.9,38.875,0.0,887.0708333333333,2.345833333333333
2023-09-22,26.224999999999998,21.4,32.3,35.291666666666664,0.0,886.9333333333334,2.5791666666666666
2023-09-23,26.645833333333332,18.8,33.0,35.416666666666664,0.0,886.4250000000001,1.8333333333333333
2023-09-24,26.629166666666666,20.4,33.5,35.333333333333336,0.0,885.9625,1.7541666666666667
2023-09-25,26.695833333333336,20.6,33.5,44.125,0.0,885.6625,1.5583333333333333
2023-09-26,26.224999999999998,20.0,32.7,50.25,0.0,884.6999999999999,1.6708333333333334
2023-09-27,25.370833333333334,21.8,30.4,58.625,0.0,884.8083333333334,2.275
2023-09-28,24.8875,21.1,32.3,63.75,0.2,885.0625,1.4541666666666666
2023-09-29,22.575,19.3,26.4,73.66666666666667,7.2,887.5791666666668,1.6916666666666667
2023-09-30,25.108333333333334,20.4,31.1,63.208333333333336,0.0,887.2875,1.8416666666666668
2023-10-01,25.625,20.9,31.8,54.708333333333336,0.0,885.8666666666667,1.1916666666666667
2023-10-02,21.920833333333334,18.8,27.9,78.70833333333333,16.400000000000002,885.5,1.8375000000000001
2023-10-03,22.016666666666666,18.8,26.7,74.20833333333333,2.2,885.7875,2.1791666666666667
2023-10-04,23.383333333333336,18.2,29.5,66.58333333333333,0.0,884.8833333333333,1.0708333333333333
2023-10-05,24.445833333333336,20.2,29.2,64.66666666666667,4.2,885.275,1.4000000000000001
2023-10-06,23.55,19.8,28.0,72.45833333333333,2.8,886.6374999999999,1.4208333333333334
2023-10-07,22.833333333333332,18.6,30.7,75.875,23.599999999999998,888.1291666666666,1.5250000000000001
2023-10-08,24.150000000000002,19.2,30.2,68.29166666666667,4.8,887.4458333333333,1.6125
2023-10-09,23.90833333333333,20.7,27.3,68.70833333333333,1.2000000000000002,887.6625,1.6333333333333335
2023-10-10,25.224999999999998,20.4,32.2,62.875,0.0,887.1333333333333,1.8125
2023-10-11,26.041666666666668,21.5,30.7,56.083333333333336,0.0,886.6916666666666,2.1374999999999997
2023-10-12,26.830434782608698,19.6,32.9,49.26086956521739,0.0,885.9,2.017391304347826
2023-10-13,24.09166666666667,20.0,30.0,66.0,0.4,886.6041666666666,1.6500000000000001
2023-10-14,24.5,18.5,31.6,64.0,0.0,887.7708333333334,2.1625
2023-10-15,25.733333333333334,21.1,29.9,55.041666666666664,0.0,888.8583333333332,3.4916666666666667
2023-10-16,25.566666666666666,21.3,29.5,46.0,0.0,888.4708333333333,3.5124999999999997
2023-10-17,26.133333333333336,21.6,30.7,40.25,0.0,887.5458333333332,2.9125
2023-10-18,25.525000000000002,18.1,31.6,37.458333333333336,0.0,887.3083333333334,2.066666666666667
2023-10-19,26.291666666666668,19.4,32.8,41.291666666666664,0.0,886.7375000000001,1.5958333333333332
2023-10-20,26.462500000000002,23.0,32.3,45.458333333333336,0.6,886.9166666666666,1.9958333333333333
2023-10-21,23.0625,19.3,31.2,69.79166666666667,14.0,886.9541666666668,2.2375000000000003
2023-10-22,23.741666666666664,18.3,30.2,68.25,0.2,886.7791666666667,2.2375000000000003
2023-10-23,25.582608695652173,21.1,30.6,51.17391304347826,0.0,886.204347826087,2.1869565217391305
2023-10-24,24.758333333333336,19.9,31.5,58.625,0.7999999999999999,885.4625,2.120833333333333
2023-10-25,25.054166666666664,19.7,31.9,59.458333333333336,0.0,883.9625,2.095833333333333
2023-10-26,23.695652173913043,20.1,29.1,68.08695652173913,0.8,883.3217391304348,2.1739130434782608
2023-10-27,23.245833333333334,19.1,27.9,74.58333333333333,25.0,884.1291666666666,1.8041666666666665
2023-10-28,22.349999999999998,19.7,26.8,84.41666666666667,2.4,885.25,1.7541666666666667
2023-10-29,24.258333333333336,19.7,31.2,72.875,3.0,885.0583333333334,1.75
2023-10-30,25.46666666666667,20.6,32.0,63.458333333333336,0.0,884.8874999999999,1.8541666666666667
2023-10-31,24.445833333333336,19.9,30.4,66.33333333333333,23.799999999999997,884.6666666666666,2.0375
2023-11-01,23.3625,18.7,30.1,73.0,1.2,884.4625,1.7666666666666666
2023-11-02,22.787499999999998,19.1,29.7,75.5,1.2,884.4958333333334,2.4
2023-11-03,22.55,19.0,28.6,80.41666666666667,0.6000000000000001,885.0083333333333,1.8
2023-11-04,22.02916666666667,19.7,28.4,82.41666666666667,2.2,885.0,1.625
2023-11-05,22.90833333333333,19.2,29.0,80.5,6.8,885.0541666666667,1.8625
2023-11-06,24.59166666666667,20.3,30.0,70.75,0.0,886.2958333333332,2.4833333333333334
2023-11-07,25.3125,21.3,29.9,63.958333333333336,0.0,887.1041666666666,2.5708333333333333
2023-11-08,25.2,20.3,30.0,55.375,0.0,887.8541666666666,2.845833333333333
2023-11-09,25.27916666666667,17.0,30.6,37.708333333333336,0.0,887.3249999999999,2.725
2023-11-10,24.866666666666664,16.5,31.4,40.083333333333336,0.0,886.7958333333332,2.0166666666666666
2023-11-11,26.870833333333334,19.1,32.2,35.666666666666664,0.0,885.7166666666667,2.15
2023-11-12,26.0125,18.8,32.0,42.666666666666664,0.0,885.2666666666668,1.6541666666666668
2023-11-13,26.329166666666666,19.0,33.5,51.416666666666664,0.0,885.1458333333334,1.9333333333333333
2023-11-14,26.55,18.3,34.4,43.666666666666664,0.0,884.875,1.5125
2023-11-15,27.620833333333334,23.2,34.0,43.958333333333336,0.0,884.4541666666668,2.2416666666666667
2023-11-16,26.09583333333333,21.4,33.4,48.5,0.0,884.3041666666667,2.216666666666667
2023-11-17,26.016666666666666,21.7,31.3,55.833333333333336,0.0,884.225,2.5
2023-11-18,24.766666666666666,20.1,30.2,68.625,1.2000000000000002,885.5291666666667,2.7083333333333335
2023-11-19,25.34583333333333,20.4,32.1,63.666666666666664,0.6,885.7916666666666,1.4875
2023-11-20,21.383333333333336,18.9,24.5,82.375,11.8,885.6750000000001,2.5
2023-11-21,21.8,19.0,27.6,85.91666666666667,23.4,885.3541666666666,1.8958333333333333
2023-11-22,22.354166666666668,19.0,28.6,81.83333333333333,5.4,885.0791666666668,1.5416666666666667
2023-11-23,23.358333333333334,18.1,31.0,74.95833333333333,0.4,886.3125,1.5
2023-11-24,24.075,19.6,30.5,72.54166666666667,4.2,888.1999999999999,1.6291666666666667
2023-11-25,23.633333333333336,20.0,30.2,73.41666666666667,18.4,887.2708333333334,2.466666666666667
2023-11-26,24.141666666666666,19.9,29.8,70.79166666666667,4.8,886.0749999999999,2.4791666666666665
2023-11-27,22.016666666666666,16.8,26.0,80.91666666666667,22.0,888.1541666666667,1.8541666666666667
2023-11-28,23.745833333333334,18.9,29.1,71.33333333333333,0.0,887.4958333333334,1.7750000000000001
2023-11-29,23.5,20.1,28.9,69.875,0.0,886.2208333333333,1.7208333333333332
2023-11-30,23.40833333333333,19.1,30.3,70.70833333333333,0.0,886.2458333333334,2.245833333333333
2023-12-01,22.183333333333334,18.9,27.6,75.08333333333333,1.6,886.625,1.5250000000000001
2023-12-02,22.6875,19.3,30.0,76.29166666666667,5.2,885.5500000000001,1.4000000000000001
2023-12-03,21.6125,19.2,26.9,81.41666666666667,9.8,885.3666666666667,1.8958333333333333
2023-12-04,21.558333333333334,18.5,26.3,80.0,3.6,886.7875,1.9000000000000001
2023-12-05,21.433333333333334,18.2,27.7,83.83333333333333,3.1999999999999997,888.1208333333334,1.6708333333333334
2023-12-06,22.525000000000002,18.3,28.5,75.875,0.0,887.2541666666666,2.370833333333333
2023-12-07,24.53333333333333,17.0,30.0,56.625,0.0,886.5,2.4375
2023-12-08,25.162499999999998,16.8,30.9,47.125,0.0,886.6625,1.7708333333333333
2023-12-09,25.170833333333334,18.9,32.1,53.791666666666664,0.0,885.4250000000001,1.5791666666666666
2023-12-10,26.65416666666667,22.8,31.6,51.208333333333336,0.0,884.5083333333333,2.4
2023-12-11,24.179166666666664,20.3,27.8,67.25,0.0,884.6875,2.3874999999999997
2023-12-12,22.45,19.8,26.9,76.5,0.0,886.9166666666666,1.6291666666666667
2023-12-13,24.483333333333334,19.2,31.1,68.375,0.6000000000000001,885.4583333333334,2.2375000000000003
2023-12-14,25.96666666666667,20.4,30.7,49.666666666666664,0.0,884.8249999999999,2.5416666666666665
2023-12-15,26.28333333333333,17.8,31.2,36.583333333333336,0.0,885.4958333333334,2.6
2023-12-16,25.75,19.1,31.9,40.208333333333336,0.0,886.0041666666666,2.2624999999999997
2023-12-17,24.59583333333333,18.4,31.5,52.041666666666664,1.7999999999999998,885.1583333333333,1.9958333333333333
2023-12-18,23.833333333333332,17.7,31.3,62.333333333333336,2.2,883.3708333333334,1.8708333333333333
2023-12-19,22.900000000000002,18.6,30.1,70.54166666666667,6.8,882.5666666666666,2.1041666666666665
2023-12-20,22.425,18.7,27.5,79.375,3.6,882.8416666666667,2.3249999999999997
2023-12-21,20.258333333333333,18.9,22.9,90.45833333333333,25.2,885.725,2.9958333333333336
2023-12-22,21.254166666666666,18.9,27.0,84.70833333333333,8.2,887.6374999999999,2.191666666666667
2023-12-23,21.712500000000002,18.5,27.3,83.5,4.0,887.65,1.4124999999999999
2023-12-24,22.170833333333334,18.0,28.1,77.375,11.4,887.7791666666667,1.8541666666666667
2023-12-25,23.670833333333334,20.1,28.3,76.25,3.8,887.2291666666666,1.3375000000000001
2023-12-26,23.233333333333334,18.1,31.2,75.08333333333333,9.8,887.7583333333333,1.7750000000000001
2023-12-27,22.979166666666668,18.4,29.6,74.45833333333333,0.0,887.1958333333333,1.6791666666666665
2023-12-28,22.474999999999998,18.1,29.0,79.29166666666667,0.6000000000000001,886.5916666666667,1.5916666666666668
2023-12-29,24.09583333333333,19.2,29.5,74.20833333333333,0.0,886.3625000000001,1.7916666666666667
2023-12-30,23.03333333333333,20.4,29.7,79.41666666666667,2.8,886.7583333333333,1.9749999999999999
2023-12-31,22.025000000000002,18.0,27.7,80.875,21.6,886.2041666666668,2.254166666666667
2024-01-01,21.995833333333334,19.6,26.3,82.54166666666667,35.6,885.4208333333332,1.6583333333333332
2024-01-02,21.1875,19.4,26.4,91.0,23.2,884.1999999999999,1.7874999999999999
2024-01-03,20.537499999999998,19.2,23.2,93.375,48.800000000000004,884.1708333333332,2.25
2024-01-04,20.375,19.3,23.0,94.75,7.6,884.8249999999999,2.529166666666667
2024-01-05,20.400000000000002,19.0,22.8,92.125,2.4,885.0958333333333,2.5458333333333334
2024-01-06,21.979166666666668,18.7,27.4,84.91666666666667,0.0,885.3208333333333,1.9583333333333333
2024-01-07,21.9875,17.7,29.0,82.5,51.60000000000001,885.5291666666667,1.5166666666666666
2024-01-08,21.458333333333332,19.5,25.8,88.375,2.4,885.5833333333334,1.9833333333333334
2024-01-09,21.575,19.5,25.8,83.45833333333333,12.799999999999999,886.8000000000001,2.4208333333333334
2024-01-10,20.620833333333334,18.6,24.8,90.625,15.6,886.9833333333332,1.7833333333333332
2024-01-11,21.3,17.9,26.2,85.875,1.0,887.0291666666667,1.2125000000000001
2024-01-12,22.995833333333334,16.5,29.4,74.29166666666667,0.0,885.65,1.5875000000000001
2024-01-13,22.679166666666664,19.6,27.4,80.83333333333333,18.2,886.3791666666666,1.9208333333333334
2024-01-14,22.037499999999998,19.8,26.7,85.5,11.4,888.1208333333334,1.8625
2024-01-15,21.491666666666664,18.4,27.0,83.66666666666667,0.2,888.9416666666666,1.1583333333333334
2024-01-16,22.579166666666666,17.0,28.8,77.95833333333333,2.8000000000000003,888.2583333333333,1.5458333333333334
2024-01-17,24.53333333333333,19.0,30.6,66.04166666666667,0.0,888.2958333333332,1.7249999999999999
2024-01-18,23.991666666666664,19.2,30.3,70.83333333333333,0.0,887.4083333333333,1.3958333333333333
2024-01-19,23.866666666666664,17.8,31.3,71.75,0.0,887.1916666666666,1.1541666666666666
2024-01-20,24.508333333333336,19.2,31.2,65.625,0.0,886.0541666666667,1.7708333333333333
2024-01-21,23.787499999999998,19.4,30.2,73.16666666666667,7.0,886.5708333333333,2.0500000000000003
2024-01-22,22.537499999999998,19.8,27.2,82.45833333333333,0.4,886.7708333333334,1.9916666666666665
2024-01-23,22.479166666666668,19.4,27.4,81.33333333333333,0.0,885.2041666666668,2.470833333333333
2024-01-24,22.004166666666666,20.0,25.6,87.25,4.4,883.3208333333333,2.9333333333333336
2024-01-25,22.587500000000002,19.8,27.1,84.16666666666667,2.6000000000000005,883.0291666666667,1.6333333333333335
2024-01-26,20.9375,19.4,24.9,91.25,43.2,884.4333333333334,1.2833333333333334
2024-01-27,21.479166666666668,18.2,27.1,85.0,9.799999999999999,885.1583333333333,1.3541666666666667
2024-01-28,21.833333333333332,19.5,26.0,87.08333333333333,1.4,886.8833333333333,2.5166666666666666
2024-01-29,22.22083333333333,19.5,26.1,81.04166666666667,0.0,888.1458333333334,2.341666666666667
2024-01-30,22.754166666666666,18.5,27.5,80.125,15.2,887.5625,1.575
2024-01-31,21.429166666666664,17.5,25.3,85.45833333333333,2.0,887.5208333333334,1.8875000000000002
2024-02-01,21.891666666666666,18.5,27.1,80.08333333333333,2.8,887.7208333333333,2.033333333333333
2024-02-02,22.09166666666667,18.5,26.7,76.95833333333333,0.2,888.2291666666666,2.2291666666666665
2024-02-03,21.929166666666664,19.3,25.0,74.91666666666667,0.0,888.2666666666668,2.6875
2024-02-04,22.395833333333332,18.3,26.5,71.08333333333333,0.0,888.2125,1.9625000000000001
2024-02-05,22.020833333333332,19.7,25.8,81.45833333333333,0.6,887.9333333333334,1.8083333333333333
2024-02-06,21.34166666666667,18.4,27.1,83.75,0.2,888.9875000000001,1.5250000000000001
2024-02-07,22.65833333333333,19.2,27.1,78.75,0.0,887.8249999999999,1.5708333333333335
2024-02-08,22.133333333333336,18.9,27.3,83.08333333333333,10.2,886.65,1.6916666666666667
2024-02-09,22.34583333333333,18.5,26.7,85.25,13.4,886.1625,1.4791666666666667
2024-02-10,20.620833333333334,18.8,23.5,91.79166666666667,13.4,886.875,2.1416666666666666
2024-02-11,19.370833333333334,18.4,21.5,95.125,16.6,888.975,2.4458333333333333
2024-02-12,21.8125,18.0,27.0,81.20833333333333,1.2000000000000002,889.9791666666666,2.5416666666666665
2024-02-13,23.866666666666664,20.0,28.8,64.125,0.0,889.7916666666666,3.0541666666666667
2024-02-14,24.245833333333334,16.8,30.3,61.291666666666664,0.0,889.4583333333334,1.5666666666666667
2024-02-15,22.25,18.1,29.1,75.16666666666667,2.0,888.6541666666667,1.5208333333333333
2024-02-16,21.75,19.5,26.4,83.95833333333333,8.2,888.2083333333334,1.3958333333333333
2024-02-17,21.491666666666664,18.8,26.3,85.625,9.2,886.9666666666667,2.0875
2024-02-18,22.058333333333334,19.4,26.4,83.83333333333333,6.2,886.0458333333332,2.2666666666666666
2024-02-19,21.279166666666665,18.4,25.9,86.75,0.8,884.8708333333334,2.558333333333333
2024-02-20,20.408333333333335,19.1,22.5,94.0,11.2,883.1374999999999,2.591666666666667
2024-02-21,20.75,19.1,24.4,91.16666666666667,2.4,882.6666666666666,2.0833333333333335
2024-02-22,21.825,18.4,27.1,83.95833333333333,0.0,884.3125,2.3375
2024-02-23,21.675,19.2,26.6,86.0,7.0,887.2916666666666,2.216666666666667
2024-02-24,22.96666666666667,19.3,28.9,78.75,0.0,889.5666666666666,2.0833333333333335
2024-02-25,23.304166666666664,18.2,28.8,73.5,0.0,889.8708333333334,2.4499999999999997
2024-02-26,23.008333333333336,16.6,27.4,66.5,0.0,888.3541666666666,2.6125000000000003
2024-02-27,22.920833333333334,16.0,28.5,64.5,0.0,886.9541666666668,1.9791666666666667
2024-02-28,23.991666666666664,16.8,30.2,66.0,0.0,887.1833333333334,1.625
2024-02-29,24.795833333333334,18.0,31.9,64.25,0.0,887.5500000000001,1.3291666666666666
2024-03-01,23.962500000000002,19.6,30.3,74.875,0.0,886.9916666666667,1.6333333333333335
2024-03-02,22.9875,19.3,30.1,79.95833333333333,0.4,886.5208333333334,1.325
2024-03-03,21.2375,17.9,27.7,85.70833333333333,1.0,886.3000000000001,1.6875
2024-03-04,21.125,18.9,26.2,85.5,3.0,886.9166666666666,1.5833333333333333
2024-03-05,21.9875,18.5,27.5,81.125,1.4000000000000001,887.6750000000001,2.2333333333333334
2024-03-06,22.98695652173913,19.7,28.2,78.6086956521739,0.0,887.4695652173913,1.7173913043478262
2024-03-07,23.175,19.7,28.1,78.33333333333333,7.2,888.4375,1.9833333333333334
2024-03-08,24.620833333333334,20.8,30.1,69.875,0.0,888.1333333333333,2.004166666666667
2024-03-09,23.695833333333336,19.7,29.4,76.91666666666667,0.0,887.6166666666667,1.5125
2024-03-10,23.075,18.9,28.5,81.33333333333333,19.8,887.7083333333334,1.5833333333333333
2024-03-11,22.954166666666666,19.1,28.7,85.41666666666667,3.1999999999999997,887.5958333333333,1.2458333333333333
2024-03-12,23.90416666666667,19.8,29.3,81.95833333333333,0.0,888.2875,1.3208333333333333
2024-03-13,23.8875,21.2,28.8,81.91666666666667,1.4,888.3249999999999,1.8666666666666665
2024-03-14,22.3,19.3,28.4,86.41666666666667,10.8,888.1083333333332,1.3083333333333333
2024-03-15,24.55,20.8,29.6,77.20833333333333,0.0,886.5625,1.6958333333333335
2024-03-16,24.9875,20.9,29.9,73.125,0.0,885.5208333333334,2.0208333333333335
2024-03-17,22.95,19.3,27.9,82.25,0.0,887.0208333333334,1.5416666666666667
2024-03-18,23.62608695652174,19.7,30.3,82.04347826086956,8.6,886.7608695652174,1.2521739130434784
2024-03-19,24.1125,19.2,30.1,77.95833333333333,0.2,885.6,1.4083333333333332
2024-03-20,23.679166666666664,20.4,28.2,79.91666666666667,0.0,884.7875,1.7333333333333334
2024-03-21,23.025000000000002,19.4,27.9,81.33333333333333,0.0,886.0083333333333,1.8083333333333333
2024-03-22,22.325,18.7,27.9,81.91666666666667,1.0,886.3249999999999,1.7375
2024-03-23,21.079166666666666,19.5,23.5,92.16666666666667,20.0,886.4791666666666,1.4708333333333332
2024-03-24,21.6875,18.6,26.7,85.33333333333333,0.0,886.4083333333333,1.8458333333333332
2024-03-25,21.474999999999998,19.2,26.7,86.95833333333333,34.4,885.6541666666667,1.9749999999999999
2024-03-26,21.641666666666666,19.3,27.0,85.83333333333333,0.2,886.4250000000001,1.3041666666666667
2024-03-27,21.425,19.5,26.6,86.625,0.8,886.8833333333333,2.370833333333333
2024-03-28,21.266666666666666,18.9,26.0,88.5,3.8000000000000003,888.5208333333334,1.875
2024-03-29,22.40416666666667,19.2,28.1,83.66666666666667,0.0,889.3291666666668,2.3041666666666667
2024-03-30,22.9375,19.2,28.9,81.83333333333333,0.0,888.1791666666667,1.6291666666666667
2024-03-31,23.087500000000002,19.6,28.3,81.79166666666667,0.2,887.4583333333334,1.2958333333333334
2024-04-01,23.204166666666666,19.4,28.0,80.29166666666667,0.0,886.4291666666667,1.6666666666666667
2024-04-02,20.8875,18.7,25.7,91.75,70.2,886.5791666666668,1.7708333333333333
2024-04-03,22.037499999999998,18.1,27.3,87.375,0.4,886.4916666666667,1.2916666666666667
2024-04-04,21.858333333333334,19.3,26.5,88.625,14.2,887.3125,1.3916666666666666
2024-04-05,22.712500000000002,19.5,28.3,83.33333333333333,3.5999999999999996,887.5041666666667,1.5875000000000001
2024-04-06,22.462500000000002,19.2,27.5,84.83333333333333,0.2,886.8458333333333,1.7
2024-04-07,22.133333333333336,18.8,27.0,83.41666666666667,0.0,887.4458333333333,2.066666666666667
2024-04-08,22.912499999999998,19.3,28.1,75.08333333333333,0.0,887.3083333333334,2.3666666666666667
2024-04-09,23.462500000000002,19.5,29.1,72.0,0.0,887.0375,1.6666666666666667
2024-04-10,22.625,19.7,27.6,83.16666666666667,0.0,886.1541666666667,1.2874999999999999
2024-04-11,20.683333333333334,19.5,25.2,92.41666666666667,13.399999999999999,887.0791666666668,1.3166666666666667
2024-04-12,20.754166666666666,18.3,25.7,92.08333333333333,11.2,887.5458333333332,1.5333333333333332
2024-04-13,22.629166666666666,19.8,27.3,78.79166666666667,0.0,887.6583333333333,2.404166666666667
2024-04-14,22.604166666666668,18.9,27.1,73.91666666666667,0.0,886.9125,2.408333333333333
2024-04-15,22.3875,18.9,26.6,74.625,0.0,887.1875,2.9125
2024-04-16,22.695833333333336,19.0,28.0,77.875,0.0,888.4125,3.216666666666667
2024-04-17,23.433333333333334,20.0,28.8,74.66666666666667,0.0,887.6833333333334,2.6750000000000003
2024-04-18,23.72083333333333,18.3,29.4,71.41666666666667,0.0,886.7125,2.2041666666666666
2024-04-19,23.325,18.9,28.2,74.16666666666667,0.0,887.2541666666666,1.6958333333333335
2024-04-20,23.325,20.3,27.2,73.70833333333333,0.0,888.5916666666667,2.7624999999999997
2024-04-21,21.754166666666666,17.7,26.1,75.45833333333333,0.0,888.6125000000001,2.9333333333333336
2024-04-22,21.5,17.7,27.0,78.25,16.6,887.8249999999999,2.1458333333333335
2024-04-23,23.166666666666668,18.6,27.8,74.45833333333333,0.0,887.7208333333333,1.7666666666666666
2024-04-24,22.525000000000002,17.8,28.8,79.66666666666667,0.6000000000000001,887.975,1.3791666666666667
2024-04-25,23.5125,18.7,28.4,71.0,0.0,887.4291666666667,2.120833333333333
2024-04-26,23.170833333333334,18.9,28.0,69.375,0.0,887.3708333333334,2.6125000000000003
2024-04-27,22.758333333333336,18.1,27.6,66.5,0.0,887.2541666666666,2.3125
2024-04-28,22.55,16.3,27.9,69.79166666666667,0.0,887.4541666666668,1.8625
2024-04-29,23.558333333333334,17.3,28.6,67.20833333333333,0.0,887.8125,2.183333333333333
2024-04-30,23.391666666666666,18.9,29.1,65.41666666666667,0.0,888.0916666666667,2.1708333333333334
2024-05-01,23.979166666666668,20.3,28.1,63.125,0.0,887.8333333333334,2.183333333333333
2024-05-02,22.754166666666666,15.4,29.3,65.33333333333333,0.0,886.1583333333333,1.8166666666666667
2024-05-03,23.129166666666666,17.2,28.0,67.33333333333333,0.0,886.3208333333333,2.183333333333333
2024-05-04,22.883333333333336,18.8,27.2,58.25,0.0,888.0124999999999,2.904166666666667
2024-05-05,21.9875,18.0,26.8,65.33333333333333,0.0,889.1583333333333,2.8125
2024-05-06,21.6875,18.4,26.0,72.79166666666667,0.0,888.225,3.1291666666666664
2024-05-07,21.525000000000002,18.4,25.9,73.08333333333333,0.0,887.5875,3.0749999999999997
2024-05-08,21.666666666666668,17.3,27.6,68.16666666666667,0.0,888.0791666666668,2.5500000000000003
2024-05-09,21.1875,15.4,27.1,70.16666666666667,0.0,889.1458333333334,2.279166666666667
2024-05-10,20.304166666666667,14.6,25.9,68.75,0.0,888.0541666666667,2.091666666666667
2024-05-11,21.1125,15.6,27.8,62.958333333333336,0.0,887.9083333333333,1.6458333333333333
2024-05-12,21.095833333333335,14.3,28.3,61.666666666666664,0.0,887.4541666666668,1.3
2024-05-13,21.454166666666666,16.2,28.3,67.20833333333333,0.0,887.9958333333334,1.1083333333333334
2024-05-14,22.608333333333334,16.1,29.1,64.83333333333333,0.0,888.1750000000001,1.4916666666666665
2024-05-15,22.379166666666666,16.8,28.3,57.5,0.0,887.9375,2.2041666666666666
2024-05-16,21.2375,13.8,27.7,56.541666666666664,0.0,888.4041666666667,2.3291666666666666
2024-05-17,20.933333333333334,14.2,26.3,60.416666666666664,0.0,889.7958333333332,2.1791666666666667
2024-05-18,21.266666666666666,14.6,26.5,58.625,0.0,889.7208333333333,2.0749999999999997
2024-05-19,20.608333333333334,13.2,27.1,66.58333333333333,0.0,889.5375,1.5999999999999999
2024-05-20,21.229166666666668,15.2,27.2,71.5,0.0,889.2916666666666,2.0625
2024-05-21,22.004166666666666,16.9,26.5,68.70833333333333,0.0,889.7208333333333,2.595833333333333
2024-05-22,20.808333333333334,16.9,25.9,63.25,0.0,890.4208333333332,2.25
2024-05-23,20.970833333333335,15.9,25.8,68.66666666666667,0.0,889.7708333333334,2.0708333333333333
2024-05-24,20.591666666666665,14.6,27.1,70.375,0.0,888.9083333333333,1.3916666666666666
2024-05-25,20.466666666666665,14.7,26.6,65.04166666666667,0.0,888.8416666666667,1.55
2024-05-26,21.433333333333334,17.4,26.9,55.875,0.0,889.3666666666667,2.5208333333333335
2024-05-27,20.745833333333334,15.9,26.0,61.708333333333336,0.0,890.0166666666668,1.9249999999999998
2024-05-28,20.241666666666667,13.2,26.6,63.291666666666664,0.0,890.1999999999999,1.7958333333333334
2024-05-29,20.295652173913044,15.9,26.4,72.43478260869566,0.0,890.1869565217391,1.9260869565217391
2024-05-30,19.604347826086954,14.3,27.2,72.52173913043478,0.0,890.3478260869565,1.791304347826087
2024-05-31,19.474999999999998,13.8,25.1,64.66666666666667,0.0,890.7083333333334,2.0875
2024-06-01,19.366666666666667,15.6,24.1,66.75,0.0,891.5,3.0416666666666665
2024-06-02,18.729166666666668,14.7,23.2,69.83333333333333,0.0,891.8249999999999,2.8333333333333335
2024-06-03,18.995833333333334,15.0,24.7,73.5,0.0,892.4541666666668,2.1875
2024-06-04,19.895833333333332,15.8,25.0,69.54166666666667,0.0,890.8249999999999,2.495833333333333
2024-06-05,19.41304347826087,13.7,25.1,67.73913043478261,0.0,890.8565217391305,2.382608695652174
2024-06-06,19.150000000000002,14.3,25.2,71.95833333333333,0.0,890.9583333333334,2.379166666666667
2024-06-07,19.816666666666666,15.6,25.4,70.08333333333333,0.0,891.7541666666666,2.4916666666666667
2024-06-08,20.3,16.3,25.1,67.41666666666667,0.0,892.0124999999999,2.533333333333333
2024-06-09,19.991666666666667,13.7,25.8,65.625,0.0,891.0458333333332,2.120833333333333
2024-06-10,19.908333333333335,15.3,26.2,65.83333333333333,0.0,890.2833333333333,1.9708333333333332
2024-06-11,20.075,13.4,26.5,70.75,0.0,890.8375,2.0
2024-06-12,19.758333333333333,13.4,25.3,59.583333333333336,0.0,890.525,2.5500000000000003
2024-06-13,20.133333333333333,16.0,25.6,60.166666666666664,0.0,890.025,2.733333333333333
2024-06-14,20.620833333333334,16.2,26.2,61.583333333333336,0.0,890.5375,2.591666666666667
2024-06-15,19.25,13.6,24.7,70.58333333333333,0.0,891.5541666666667,2.4
2024-06-16,19.208333333333332,14.6,24.4,62.125,0.0,890.375,2.65
2024-06-17,18.633333333333333,11.0,25.1,58.416666666666664,0.0,888.7125,1.9166666666666667
2024-06-18,19.858333333333334,15.2,25.8,52.666666666666664,0.0,888.2791666666667,2.2708333333333335
2024-06-19,19.287499999999998,11.8,26.1,63.5,0.0,888.9958333333334,1.7708333333333333
2024-06-20,19.841666666666665,14.0,25.5,66.95833333333333,0.0,889.3666666666667,2.441666666666667
2024-06-21,19.054166666666667,12.7,25.1,64.41666666666667,0.0,888.9333333333334,2.254166666666667
2024-06-22,20.35217391304348,14.7,25.3,55.73913043478261,0.0,889.2434782608696,2.0521739130434784
2024-06-23,19.275000000000002,11.3,25.4,57.5,0.0,889.1541666666667,1.6416666666666666
2024-06-24,19.66521739130435,14.2,26.8,61.17391304347826,0.0,889.4347826086956,1.1
2024-06-25,20.266666666666666,12.5,26.3,53.375,0.0,889.75,1.8875
2024-06-26,19.995833333333334,12.8,26.5,53.291666666666664,0.0,889.5583333333334,1.6041666666666667
2024-06-27,19.029166666666665,12.2,26.9,57.166666666666664,0.0,888.1291666666666,0.9541666666666666
2024-06-28,19.375,11.9,27.0,57.5,0.0,887.625,1.6083333333333334
2024-06-29,19.85909090909091,12.8,27.1,53.0,0.0,889.1727272727272,1.2954545454545454
2024-06-30,19.430434782608696,12.3,27.5,50.56521739130435,0.0,888.5130434782608,1.3565217391304347
2024-07-01,19.604347826086954,11.3,27.3,47.34782608695652,0.0,889.4173913043478,1.7521739130434781
2024-07-02,19.508333333333333,11.1,25.8,49.958333333333336,0.0,890.2208333333333,2.2583333333333333
2024-07-03,19.191666666666666,12.7,24.6,64.04166666666667,0.0,889.6374999999999,2.65
2024-07-04,19.608333333333334,12.7,25.2,59.875,0.0,888.5958333333333,1.7333333333333334
2024-07-05,19.3625,12.2,26.0,58.0,0.0,889.9208333333332,2.1416666666666666
2024-07-06,19.879166666666666,11.4,26.3,59.166666666666664,0.0,890.8416666666667,2.025
2024-07-07,20.808333333333334,13.5,27.6,51.291666666666664,0.0,890.2291666666666,1.8166666666666667
2024-07-08,20.004166666666666,12.7,28.4,49.083333333333336,0.0,889.0625,1.2416666666666667
2024-07-09,20.5,13.3,27.7,50.583333333333336,0.0,887.6208333333334,1.5166666666666666
2024-07-10,21.208695652173912,13.7,28.3,49.73913043478261,0.0,887.6217391304348,1.4565217391304348
2024-07-11,21.604545454545455,14.0,28.1,47.36363636363637,0.0,889.5958333333333,2.033333333333333
2024-07-12,20.875,12.9,26.9,52.375,0.0,892.1916666666666,2.4875000000000003
2024-07-13,18.691666666666666,13.3,24.1,54.833333333333336,0.0,892.2083333333334,3.0833333333333335
2024-07-14,18.391666666666666,11.4,24.0,53.208333333333336,0.0,891.7624999999999,2.4375
2024-07-15,18.275000000000002,9.9,24.6,55.541666666666664,0.0,892.2708333333334,2.058333333333333
2024-07-16,18.7625,11.0,24.8,55.375,0.0,892.6208333333334,2.595833333333333
2024-07-17,19.221739130434784,11.5,24.9,53.91304347826087,0.0,893.3217391304348,2.091304347826087
2024-07-18,19.830434782608698,14.8,25.8,50.91304347826087,0.0,891.8565217391305,2.4391304347826086
2024-07-19,19.091666666666665,13.1,25.0,53.666666666666664,0.0,892.6458333333334,2.3874999999999997
2024-07-20,18.462500000000002,11.0,25.0,53.333333333333336,0.0,892.3958333333334,2.4583333333333335
2024-07-21,18.75,13.7,24.1,52.875,0.0,891.4041666666667,2.7375000000000003
2024-07-22,19.479166666666668,15.1,24.5,49.583333333333336,0.0,892.0833333333334,2.625
2024-07-23,19.8125,15.5,25.5,47.625,0.0,892.2166666666667,2.6416666666666666
2024-07-24,19.783333333333335,14.9,25.5,46.0,0.0,892.5833333333334,2.7291666666666665
2024-07-25,18.55,10.7,25.1,49.375,0.0,892.4125,1.9791666666666667
2024-07-26,19.108333333333334,9.5,26.8,48.25,0.0,890.6,1.9375
2024-07-27,19.175,11.2,25.6,56.5,0.0,890.7583333333333,1.7750000000000001
2024-07-28,20.841666666666665,14.0,26.7,56.541666666666664,0.0,891.6708333333332,1.925
2024-07-29,20.641666666666666,12.9,28.1,51.791666666666664,0.0,891.7333333333332,1.75
2024-07-30,22.59583333333333,17.3,27.9,46.333333333333336,0.0,891.1291666666666,1.8625
2024-07-31,21.420833333333334,15.0,26.7,43.041666666666664,0.0,891.3416666666667,2.8708333333333336
2024-08-01,19.854166666666668,14.5,25.7,57.125,0.0,892.1875,3.4916666666666667
2024-08-02,18.908333333333335,14.8,23.7,64.08333333333333,0.0,891.6750000000001,3.108333333333333
2024-08-03,19.595833333333335,14.5,25.3,60.541666666666664,0.0,890.9875000000001,3.279166666666667
2024-08-04,20.224999999999998,14.6,26.3,55.125,0.0,891.0333333333333,3.0749999999999997
2024-08-05,20.279166666666665,15.0,26.0,52.75,0.0,891.1125000000001,3.3666666666666667
2024-08-06,20.129166666666666,15.8,24.9,54.625,0.0,890.0916666666667,2.9625
2024-08-07,19.912499999999998,10.9,26.1,43.5,0.0,888.9458333333333,2.1791666666666667
2024-08-08,19.733333333333334,11.8,27.4,49.125,0.0,888.1458333333334,1.3416666666666668
2024-08-09,20.66086956521739,12.9,28.7,46.69565217391305,0.0,888.4043478260869,1.3478260869565217
2024-08-10,19.379166666666666,15.5,24.7,57.083333333333336,0.0,888.0749999999999,2.3249999999999997
2024-08-11,19.175,10.9,29.2,55.791666666666664,0.0,888.2958333333332,2.0791666666666666
2024-08-12,20.025000000000002,11.1,28.0,32.666666666666664,0.0,890.0333333333333,1.9916666666666665
2024-08-13,19.224999999999998,10.5,27.6,26.125,0.0,889.9833333333332,2.095833333333333
2024-08-14,21.139130434782608,12.9,28.8,37.82608695652174,0.0,890.4347826086956,2.4130434782608696
2024-08-15,22.991666666666664,14.9,29.2,54.041666666666664,0.0,890.9625,2.3125
2024-08-16,23.20434782608696,15.9,29.1,47.21739130434783,0.0,890.9043478260869,2.3260869565217392
2024-08-17,22.554166666666664,15.3,29.4,42.416666666666664,0.0,890.3708333333334,2.4583333333333335
2024-08-18,21.925,13.2,29.1,36.416666666666664,0.0,890.2916666666666,2.3208333333333333
2024-08-19,22.370833333333334,14.1,29.3,29.875,0.0,890.2916666666666,2.5
2024-08-20,22.445833333333336,14.0,29.4,32.5,0.0,890.9083333333333,2.091666666666667
2024-08-21,23.03333333333333,15.3,29.6,31.958333333333332,0.0,889.7791666666667,2.8375
2024-08-22,23.22083333333333,14.3,30.3,30.416666666666668,0.0,888.9666666666667,2.5208333333333335
2024-08-23,23.675,14.9,30.6,34.458333333333336,0.0,888.3916666666668,2.1625
2024-08-24,24.166666666666668,15.9,31.0,36.208333333333336,0.0,889.0458333333332,1.925
2024-08-25,22.426086956521736,15.7,30.1,43.65217391304348,0.0,889.8000000000001,1.6217391304347826
2024-08-26,19.895833333333332,12.9,27.8,62.458333333333336,0.0,890.0375,2.4208333333333334
2024-08-27,21.97391304347826,15.3,28.4,50.82608695652174,0.0,890.8695652173913,2.3130434782608695
2024-08-28,22.508333333333336,17.0,27.7,49.125,0.0,891.7375000000001,2.904166666666667
2024-08-29,21.320833333333333,15.4,27.4,53.333333333333336,0.0,892.5458333333332,3.2291666666666665
2024-08-30,21.45,15.3,27.7,47.25,0.0,891.9,2.9916666666666667
2024-08-31,22.15833333333333,13.0,29.6,39.083333333333336,0.0,890.5458333333332,2.4291666666666667
2024-09-01,23.295833333333334,16.1,30.1,28.333333333333332,0.0,890.4458333333333,2.2041666666666666
2024-09-02,23.71666666666667,13.7,30.7,26.833333333333332,0.0,888.5916666666667,2.2875
2024-09-03,23.808333333333334,15.5,31.5,26.291666666666668,0.0,888.1958333333333,1.8499999999999999
2024-09-04,23.995833333333334,14.9,31.8,24.833333333333332,0.0,888.7416666666667,1.8791666666666667
2024-09-05,24.70434782608696,16.5,31.6,27.391304347826086,0.0,889.1217391304348,1.8130434782608698
2024-09-06,26.045833333333334,19.0,31.3,26.958333333333332,0.0,887.6958333333333,2.841666666666667
2024-09-07,24.316666666666666,19.5,29.9,27.333333333333332,0.0,888.9166666666666,3.1333333333333333
2024-09-08,22.829166666666666,16.8,29.4,33.958333333333336,0.0,890.5208333333334,3.6750000000000003
2024-09-09,23.3,17.8,29.1,27.541666666666668,0.0,889.9625,3.279166666666667
2024-09-10,23.28333333333333,18.5,28.7,32.166666666666664,0.0,889.1750000000001,2.85
2024-09-11,23.483333333333334,18.1,28.5,37.041666666666664,0.0,888.75,2.783333333333333
2024-09-12,24.025000000000002,16.8,30.4,35.25,0.0,889.2166666666667,2.504166666666667
2024-09-13,24.2625,15.2,30.1,38.291666666666664,0.0,888.6666666666666,2.5875
2024-09-14,24.929166666666664,19.1,30.7,32.458333333333336,0.0,888.4916666666667,2.7916666666666665
2024-09-15,24.9875,17.1,31.0,28.625,0.0,888.5500000000001,2.704166666666667
2024-09-16,25.545833333333334,16.6,32.3,29.458333333333332,0.0,888.5,2.0083333333333333
2024-09-17,25.3,19.3,32.0,37.875,0.0,887.8458333333333,1.6416666666666666
2024-09-18,25.90833333333333,21.9,31.6,37.083333333333336,0.0,887.7833333333333,3.2583333333333333
2024-09-19,25.020833333333332,19.3,30.3,43.208333333333336,0.0,888.1541666666667,3.5583333333333336
2024-09-20,24.858333333333334,19.7,31.1,37.5,0.0,887.4208333333332,3.3083333333333336
2024-09-21,25.3625,16.1,32.7,34.125,0.0,887.0749999999999,2.2583333333333333
2024-09-22,27.004166666666666,22.4,33.5,27.208333333333332,0.0,886.3916666666668,2.3625000000000003
2024-09-23,26.754166666666666,18.6,32.7,29.833333333333332,0.0,886.5666666666666,2.5
2024-09-24,26.7,19.6,32.2,33.25,0.0,886.975,2.725
2024-09-25,26.84583333333333,21.5,32.5,29.208333333333332,0.0,886.6208333333334,3.033333333333333
2024-09-26,26.45,20.7,31.8,29.416666666666668,0.0,886.7583333333333,2.658333333333333
2024-09-27,26.208333333333332,18.3,33.4,29.375,0.0,886.3458333333333,1.5708333333333335
2024-09-28,26.6125,18.3,33.4,34.916666666666664,0.0,886.0916666666667,1.4958333333333333
2024-09-29,25.145833333333332,20.5,31.4,47.166666666666664,0.0,887.9541666666668,3.466666666666667
2024-09-30,24.616666666666664,18.8,31.1,41.083333333333336,0.0,887.9499999999999,3.8708333333333336
2024-10-01,25.212500000000002,20.5,31.1,29.875,0.0,887.0124999999999,2.7624999999999997
2024-10-02,25.179166666666664,16.1,32.8,34.458333333333336,0.0,885.7333333333332,2.0166666666666666
2024-10-03,26.979166666666668,17.1,34.4,29.458333333333332,0.0,885.7041666666668,1.8958333333333333
2024-10-04,28.604166666666668,21.6,35.4,24.291666666666668,0.0,886.1791666666667,1.8541666666666667
2024-10-05,27.758333333333336,21.2,34.9,27.916666666666668,0.0,886.0875,1.6333333333333335
2024-10-06,27.53333333333333,20.8,34.9,34.458333333333336,0.0,885.6291666666666,1.8041666666666665
2024-10-07,26.1125,20.6,33.2,47.541666666666664,0.0,885.0833333333334,2.5
2024-10-08,25.429166666666664,21.6,30.0,58.541666666666664,0.0,886.1833333333334,2.2333333333333334
2024-10-09,25.787499999999998,20.2,31.7,55.583333333333336,0.0,886.7333333333332,1.4583333333333333
2024-10-10,23.03333333333333,18.5,27.2,69.875,1.0,887.0083333333333,2.4833333333333334
2024-10-11,23.691666666666666,19.0,31.4,69.75,5.0,886.5791666666668,2.245833333333333
2024-10-12,22.587500000000002,18.7,29.3,76.625,1.6,888.6833333333334,1.8333333333333333
2024-10-13,24.675,19.6,31.3,63.041666666666664,0.0,890.0041666666666,2.25
2024-10-14,24.349999999999998,19.1,29.6,63.375,59.6,890.2166666666667,3.5083333333333333
2024-10-15,20.8625,19.7,21.9,87.79166666666667,3.0,888.7291666666666,1.9333333333333333
2024-10-16,20.854166666666668,18.7,26.5,84.29166666666667,36.6,887.0333333333333,1.7666666666666666
2024-10-17,19.6125,17.4,26.6,90.5,31.4,886.8958333333334,1.45
2024-10-18,20.241666666666667,17.3,26.7,87.08333333333333,31.2,885.8958333333334,1.9375
2024-10-19,20.400000000000002,18.1,26.3,86.5,3.2,884.4499999999999,2.433333333333333
2024-10-20,21.033333333333335,18.4,25.4,83.33333333333333,0.2,883.7875,2.433333333333333
2024-10-21,22.308333333333334,19.3,27.5,80.66666666666667,3.2,886.5,2.191666666666667
2024-10-22,21.645833333333332,18.5,28.6,83.58333333333333,43.599999999999994,888.4375,2.3041666666666667
2024-10-23,21.770833333333332,18.3,29.5,84.375,1.6,886.8874999999999,1.7874999999999999
2024-10-24,22.375,19.5,28.2,82.79166666666667,10.4,884.9708333333333,1.4666666666666668
2024-10-25,21.31304347826087,18.7,26.2,85.95652173913044,21.200000000000003,885.9478260869565,1.4695652173913043
2024-10-26,23.983333333333334,19.5,29.1,74.33333333333333,0.2,886.3458333333333,1.4000000000000001
2024-10-27,22.991666666666664,18.7,28.1,71.20833333333333,7.0,887.3874999999999,2.6166666666666667
2024-10-28,23.458333333333332,20.2,28.9,74.58333333333333,0.0,887.7958333333332,2.8041666666666667
2024-10-29,22.066666666666666,17.8,26.3,75.54166666666667,3.8000000000000003,887.0208333333334,1.7874999999999999
2024-10-30,20.858333333333334,18.7,23.4,84.5,2.6,885.6208333333334,2.1708333333333334
2024-10-31,19.891666666666666,17.0,22.4,85.16666666666667,2.4,885.6291666666666,2.1791666666666667
2024-11-01,20.599999999999998,17.3,24.4,76.33333333333333,0.2,886.2125,2.1416666666666666
2024-11-02,21.770833333333332,19.0,25.8,80.0,0.2,886.75,1.675
2024-11-03,22.295833333333334,19.1,27.1,78.66666666666667,0.0,885.7291666666666,2.2708333333333335
2024-11-04,23.495833333333334,20.8,28.8,71.95833333333333,0.0,884.8708333333334,2.8249999999999997
2024-11-05,19.333333333333332,17.8,20.5,93.66666666666667,44.800000000000004,887.1208333333334,2.2125
2024-11-06,21.425,17.8,26.4,81.33333333333333,0.0,886.2291666666666,2.3916666666666666
2024-11-07,21.191666666666666,18.9,26.3,87.91666666666667,5.2,885.3125,1.4333333333333333
2024-11-08,19.9875,18.4,24.7,88.66666666666667,7.8,884.4416666666666,2.2583333333333333
2024-11-09,20.2625,18.9,23.1,88.58333333333333,0.0,885.1208333333334,2.2708333333333335
2024-11-10,21.925,16.3,28.7,76.45833333333333,9.4,884.5041666666666,1.5083333333333335
2024-11-11,21.154166666666665,18.4,26.9,87.58333333333333,5.4,884.1708333333332,1.6791666666666665
2024-11-12,22.208333333333332,18.5,27.8,81.66666666666667,10.6,884.0625,1.8958333333333333
2024-11-13,21.491666666666664,18.7,28.6,84.91666666666667,6.8,883.25,1.6958333333333335
2024-11-14,19.912499999999998,18.4,23.7,92.45833333333333,24.6,883.9499999999999,2.279166666666667
2024-11-15,18.95,17.7,20.0,94.95833333333333,35.6,885.4166666666666,2.5458333333333334
2024-11-16,21.224999999999998,18.2,24.9,79.83333333333333,2.8000000000000003,886.2624999999999,2.0625
2024-11-17,19.791666666666668,18.1,23.1,88.75,6.0,886.8291666666668,1.5041666666666667
2024-11-18,22.150000000000002,18.6,27.3,79.625,2.6,885.6041666666666,1.7291666666666667
2024-11-19,22.53333333333333,17.5,29.0,75.83333333333333,43.4,885.0958333333333,2.1041666666666665
2024-11-20,23.420833333333334,18.9,29.4,75.33333333333333,8.8,885.9250000000001,2.2875
2024-11-21,22.945833333333336,18.0,28.2,76.20833333333333,2.2,885.9375,2.0708333333333333
2024-11-22,21.45,17.6,27.1,83.125,13.2,885.4625,1.675
2024-11-23,21.712500000000002,19.0,26.6,83.91666666666667,0.2,885.2166666666667,1.7416666666666665
2024-11-24,21.141666666666666,18.2,26.2,86.25,8.2,885.9208333333332,1.2874999999999999
2024-11-25,20.958333333333332,18.8,25.0,82.25,0.0,887.4125,2.8375
2024-11-26,22.0125,18.9,26.9,76.95833333333333,0.0,887.6374999999999,2.3249999999999997
2024-11-27,22.770833333333332,19.5,27.2,79.0,4.2,886.375,2.0
2024-11-28,23.2375,18.4,29.1,75.79166666666667,0.0,885.3791666666666,2.1791666666666667
2024-11-29,22.575,19.0,28.7,79.625,0.0,886.6999999999999,1.6541666666666668
2024-11-30,23.679166666666664,19.6,28.7,72.70833333333333,0.0,886.0041666666666,1.8958333333333333
2024-12-01,22.833333333333332,19.9,27.5,79.29166666666667,0.0,885.6791666666667,1.6208333333333333
2024-12-02,21.925,19.6,27.1,83.04166666666667,0.2,885.4541666666668,1.8416666666666668
2024-12-03,22.27916666666667,17.6,27.5,80.5,25.400000000000002,885.3958333333334,1.5374999999999999
2024-12-04,22.287499999999998,18.8,27.6,81.91666666666667,24.200000000000003,885.2166666666667,1.3708333333333333
2024-12-05,22.0,17.2,28.0,78.45833333333333,3.6,885.4541666666668,1.5791666666666666
2024-12-06,23.565217391304348,16.1,29.4,56.91304347826087,0.0,885.9260869565217,1.952173913043478
2024-12-07,24.870833333333334,17.5,30.3,51.708333333333336,0.0,886.1291666666666,1.9583333333333333
2024-12-08,24.334782608695654,17.5,30.2,58.04347826086956,0.0,886.4739130434783,1.8434782608695652
2024-12-09,22.925,18.2,30.6,74.875,3.4000000000000004,886.1083333333332,1.5416666666666667
2024-12-10,24.037499999999998,19.6,29.2,70.66666666666667,0.6,884.9875000000001,1.8708333333333333
2024-12-11,23.162499999999998,19.4,29.0,73.375,0.0,884.3833333333333,1.7833333333333332
2024-12-12,21.704166666666666,18.4,25.0,84.08333333333333,14.8,885.375,1.3958333333333333
2024-12-13,22.6375,18.3,28.5,71.0,2.0,884.8625000000001,1.7291666666666667
2024-12-14,22.837500000000002,19.4,27.5,74.75,0.8,884.2708333333334,2.3208333333333333
2024-12-15,20.566666666666666,19.1,25.8,88.83333333333333,12.200000000000001,885.25,1.7999999999999998
2024-12-16,21.791666666666668,17.4,27.5,77.375,0.8,886.8874999999999,1.5541666666666665
2024-12-17,21.270833333333332,18.5,27.2,84.70833333333333,8.0,887.9291666666667,1.425
2024-12-18,21.858333333333334,18.4,26.4,80.04166666666667,0.2,887.625,1.2208333333333334
2024-12-19,22.795833333333334,19.4,29.3,76.875,0.2,886.9833333333332,1.8166666666666667
2024-12-20,22.7,17.7,28.3,75.375,6.0,886.0375,2.125
2024-12-21,22.066666666666666,18.8,27.3,82.95833333333333,3.2,886.4166666666666,2.279166666666667
2024-12-22,20.154166666666665,18.1,25.0,90.25,20.6,887.5833333333334,1.275
2024-12-23,21.445833333333336,18.4,26.7,84.625,7.200000000000001,886.5958333333333,1.3041666666666667
2024-12-24,20.866666666666667,18.7,24.5,89.625,28.8,885.5124999999999,1.625
2024-12-25,21.0,18.7,26.2,88.125,2.0,884.6958333333333,1.9583333333333333
2024-12-26,21.058333333333334,18.4,25.9,85.83333333333333,11.2,885.1083333333332,3.329166666666667
2024-12-27,21.504166666666666,17.3,26.7,81.79166666666667,7.8,886.3916666666668,2.3958333333333335
2024-12-28,22.120833333333334,18.4,26.7,77.125,10.4,886.65,1.5999999999999999
2024-12-29,20.891666666666666,17.3,26.8,81.66666666666667,19.0,885.6916666666666,1.7291666666666667
2024-12-30,21.108695652173914,18.5,26.2,83.43478260869566,2.0,885.2521739130434,1.9695652173913043
2024-12-31,21.175,18.1,26.3,78.75,0.0,886.0416666666666,2.0208333333333335



